place,count,count_normalized,label
united states,4657,0.12264946010007902,2011 - 2015
islam,1518,0.03997893073479063,2011 - 2015
muslim,1321,0.03479062417698183,2011 - 2015
washington,1295,0.034105873057677115,2011 - 2015
iraq,921,0.024255991572293915,2011 - 2015
afghanistan,820,0.021595996839610217,2011 - 2015
syria,819,0.0215696602580985,2011 - 2015
new york,804,0.021174611535422702,2011 - 2015
republican,706,0.018593626547274165,2011 - 2015
pakistan,674,0.01775085593889913,2011 - 2015
paris,488,0.012852251777719252,2011 - 2015
britain,483,0.012720568870160653,2011 - 2015
france,472,0.012430866473531735,2011 - 2015
iran,428,0.011272056887016066,2011 - 2015
israel,427,0.011245720305504345,2011 - 2015
russia,422,0.011114037397945746,2011 - 2015
yemen,394,0.010376613115617593,2011 - 2015
democrat,386,0.010165920463523834,2011 - 2015
boston,383,0.010086910718988675,2011 - 2015
egypt,370,0.009744535159336319,2011 - 2015
arab,346,0.009112457203055044,2011 - 2015
islamist,341,0.008980774295496445,2011 - 2015
london,334,0.008796418224914407,2011 - 2015
libya,323,0.008506715828285489,2011 - 2015
obama,319,0.008401369502238609,2011 - 2015
texas,311,0.008190676850144851,2011 - 2015
new york city,273,0.0071898867526994995,2011 - 2015
germany,263,0.006926520937582302,2011 - 2015
europe,260,0.006847511193047142,2011 - 2015
christian,252,0.006636818540953385,2011 - 2015
california,244,0.006426125888859626,2011 - 2015
china,242,0.006373452725836186,2011 - 2015
palestinian,239,0.006294442981301027,2011 - 2015
manhattan,239,0.006294442981301027,2011 - 2015
jihadist,238,0.006268106399789307,2011 - 2015
cuba,236,0.006215433236765868,2011 - 2015
chicago,225,0.00592573084013695,2011 - 2015
jewish,221,0.005820384514090071,2011 - 2015
saudi arabia,221,0.005820384514090071,2011 - 2015
somalia,188,0.004951277324203318,2011 - 2015
florida,168,0.0044245456939689225,2011 - 2015
los angeles,164,0.004319199367922044,2011 - 2015
india,149,0.0039241506452462474,2011 - 2015
jordan,147,0.0038714774822228076,2011 - 2015
canada,145,0.0038188043191993678,2011 - 2015
lebanon,137,0.0036081116671056097,2011 - 2015
virginia,137,0.0036081116671056097,2011 - 2015
new jersey,127,0.0033447458519884118,2011 - 2015
kenya,126,0.0033184092704766923,2011 - 2015
san bernardino,126,0.0033184092704766923,2011 - 2015
cairo,125,0.0032920726889649724,2011 - 2015
democratic,125,0.0032920726889649724,2011 - 2015
jew,123,0.003239399525941533,2011 - 2015
nigeria,122,0.003213062944429813,2011 - 2015
colorado,121,0.003186726362918093,2011 - 2015
pennsylvania,119,0.0031340531998946537,2011 - 2015
saudi,118,0.003107716618382934,2011 - 2015
africa,117,0.0030813800368712143,2011 - 2015
detroit,116,0.0030550434553594944,2011 - 2015
sunni,110,0.0028970239662891757,2011 - 2015
ohio,109,0.002870687384777456,2011 - 2015
turkey,109,0.002870687384777456,2011 - 2015
arabic,108,0.0028443508032657363,2011 - 2015
australia,108,0.0028443508032657363,2011 - 2015
italy,105,0.002765341058730577,2011 - 2015
baghdad,103,0.002712667895707137,2011 - 2015
spain,103,0.002712667895707137,2011 - 2015
south carolina,102,0.0026863313141954176,2011 - 2015
mexico,96,0.0025283118251250986,2011 - 2015
calif,95,0.002501975243613379,2011 - 2015
oklahoma city,94,0.002475638662101659,2011 - 2015
beirut,93,0.0024493020805899392,2011 - 2015
moscow,92,0.0024229654990782197,2011 - 2015
jerusalem,92,0.0024229654990782197,2011 - 2015
japan,92,0.0024229654990782197,2011 - 2015
arizona,88,0.0023176191730313405,2011 - 2015
massachusetts,88,0.0023176191730313405,2011 - 2015
minneapolis,83,0.0021859362654727417,2011 - 2015
soviet,81,0.002133263102449302,2011 - 2015
fla,80,0.0021069265209375824,2011 - 2015
minnesota,80,0.0021069265209375824,2011 - 2015
algeria,78,0.0020542533579141426,2011 - 2015
north africa,78,0.0020542533579141426,2011 - 2015
doesn,77,0.002027916776402423,2011 - 2015
philadelphia,77,0.002027916776402423,2011 - 2015
oregon,76,0.002001580194890703,2011 - 2015
brooklyn,74,0.0019489070318672635,2011 - 2015
illinois,74,0.0019489070318672635,2011 - 2015
indian,72,0.0018962338688438241,2011 - 2015
beije,71,0.0018698972873321042,2011 - 2015
miami,70,0.0018435607058203845,2011 - 2015
north korea,68,0.0017908875427969449,2011 - 2015
indonesia,68,0.0017908875427969449,2011 - 2015
tunisia,68,0.0017908875427969449,2011 - 2015
belgium,64,0.0016855412167500658,2011 - 2015
utah,62,0.0016328680537266262,2011 - 2015
georgia,62,0.0016328680537266262,2011 - 2015
iowa,61,0.0016065314722149065,2011 - 2015
qatar,61,0.0016065314722149065,2011 - 2015
gaza,61,0.0016065314722149065,2011 - 2015
nairobi,60,0.0015801948907031868,2011 - 2015
islamabad,60,0.0015801948907031868,2011 - 2015
chechen,56,0.0014748485646563076,2011 - 2015
san francisco,56,0.0014748485646563076,2011 - 2015
brussels,55,0.0014485119831445879,2011 - 2015
atlanta,55,0.0014485119831445879,2011 - 2015
wisconsin,55,0.0014485119831445879,2011 - 2015
norway,55,0.0014485119831445879,2011 - 2015
kentucky,54,0.0014221754016328682,2011 - 2015
english,54,0.0014221754016328682,2011 - 2015
maryland,54,0.0014221754016328682,2011 - 2015
malaysia,53,0.0013958388201211482,2011 - 2015
mumbai,53,0.0013958388201211482,2011 - 2015
shiite,52,0.0013695022386094285,2011 - 2015
calif   ,52,0.0013695022386094285,2011 - 2015
charleston,50,0.001316829075585989,2011 - 2015
brazil,49,0.0012904924940742692,2011 - 2015
morocco,48,0.0012641559125625493,2011 - 2015
kurdish,48,0.0012641559125625493,2011 - 2015
berlin,48,0.0012641559125625493,2011 - 2015
michigan,48,0.0012641559125625493,2011 - 2015
oklahoma,47,0.0012378193310508296,2011 - 2015
kabul,46,0.0012114827495391099,2011 - 2015
pittsburgh,46,0.0012114827495391099,2011 - 2015
ireland,46,0.0012114827495391099,2011 - 2015
vietnam,44,0.0011588095865156702,2011 - 2015
greece,44,0.0011588095865156702,2011 - 2015
dallas,44,0.0011588095865156702,2011 - 2015
kuwait,43,0.0011324730050039505,2011 - 2015
colombia,43,0.0011324730050039505,2011 - 2015
xinjiang,43,0.0011324730050039505,2011 - 2015
tanzania,43,0.0011324730050039505,2011 - 2015
the soviet union,42,0.0011061364234922306,2011 - 2015
missouri,42,0.0011061364234922306,2011 - 2015
kansas,41,0.001079799841980511,2011 - 2015
havana,41,0.001079799841980511,2011 - 2015
north carolina,41,0.001079799841980511,2011 - 2015
scotland,41,0.001079799841980511,2011 - 2015
thailand,40,0.0010534632604687912,2011 - 2015
damascus,39,0.0010271266789570713,2011 - 2015
tripoli,39,0.0010271266789570713,2011 - 2015
san diego,38,0.0010007900974453516,2011 - 2015
west virginia,38,0.0010007900974453516,2011 - 2015
denver,38,0.0010007900974453516,2011 - 2015
sean,38,0.0010007900974453516,2011 - 2015
dutch,37,0.0009744535159336318,2011 - 2015
milwaukee,37,0.0009744535159336318,2011 - 2015
ethiopia,37,0.0009744535159336318,2011 - 2015
catholic,36,0.0009481169344219121,2011 - 2015
nazi,36,0.0009481169344219121,2011 - 2015
mali,36,0.0009481169344219121,2011 - 2015
east africa,35,0.0009217803529101923,2011 - 2015
indiana,35,0.0009217803529101923,2011 - 2015
the united states of america,35,0.0009217803529101923,2011 - 2015
west africa,35,0.0009217803529101923,2011 - 2015
new hampshire,35,0.0009217803529101923,2011 - 2015
tampa,34,0.0008954437713984724,2011 - 2015
ku,34,0.0008954437713984724,2011 - 2015
switzerland,34,0.0008954437713984724,2011 - 2015
christianity,33,0.0008691071898867527,2011 - 2015
the west bank,33,0.0008691071898867527,2011 - 2015
las vegas,33,0.0008691071898867527,2011 - 2015
palestine,33,0.0008691071898867527,2011 - 2015
ukraine,33,0.0008691071898867527,2011 - 2015
chechnya,33,0.0008691071898867527,2011 - 2015
netherlands,32,0.0008427706083750329,2011 - 2015
korea,32,0.0008427706083750329,2011 - 2015
the united kingdom,31,0.0008164340268633131,2011 - 2015
england,31,0.0008164340268633131,2011 - 2015
connecticut,31,0.0008164340268633131,2011 - 2015
conn   ,30,0.0007900974453515934,2011 - 2015
ottawa,30,0.0007900974453515934,2011 - 2015
idaho,30,0.0007900974453515934,2011 - 2015
salt lake city,29,0.0007637608638398736,2011 - 2015
west bank,29,0.0007637608638398736,2011 - 2015
north african,29,0.0007637608638398736,2011 - 2015
tel aviv,29,0.0007637608638398736,2011 - 2015
madrid,29,0.0007637608638398736,2011 - 2015
south africa,29,0.0007637608638398736,2011 - 2015
kosovo,28,0.0007374242823281538,2011 - 2015
south korea,28,0.0007374242823281538,2011 - 2015
dagestan,28,0.0007374242823281538,2011 - 2015
sweden,27,0.0007110877008164341,2011 - 2015
tennessee,27,0.0007110877008164341,2011 - 2015
singh,27,0.0007110877008164341,2011 - 2015
mich   ,27,0.0007110877008164341,2011 - 2015
new delhi,27,0.0007110877008164341,2011 - 2015
panama,27,0.0007110877008164341,2011 - 2015
maine,27,0.0007110877008164341,2011 - 2015
richmond,27,0.0007110877008164341,2011 - 2015
the gaza strip,26,0.0006847511193047143,2011 - 2015
bronx,26,0.0006847511193047143,2011 - 2015
toronto,26,0.0006847511193047143,2011 - 2015
nevada,26,0.0006847511193047143,2011 - 2015
uganda,26,0.0006847511193047143,2011 - 2015
bosnia,26,0.0006847511193047143,2011 - 2015
amsterdam,25,0.0006584145377929945,2011 - 2015
the united arab emirates,25,0.0006584145377929945,2011 - 2015
asia,25,0.0006584145377929945,2011 - 2015
colorado springs,25,0.0006584145377929945,2011 - 2015
austria,25,0.0006584145377929945,2011 - 2015
non muslim,24,0.0006320779562812746,2011 - 2015
northern ireland,24,0.0006320779562812746,2011 - 2015
tehran,24,0.0006320779562812746,2011 - 2015
jakarta,24,0.0006320779562812746,2011 - 2015
sudan,23,0.0006057413747695549,2011 - 2015
osmakac,23,0.0006057413747695549,2011 - 2015
tsarnaev,23,0.0006057413747695549,2011 - 2015
namo,22,0.0005794047932578351,2011 - 2015
montana,22,0.0005794047932578351,2011 - 2015
west african,22,0.0005794047932578351,2011 - 2015
communist,22,0.0005794047932578351,2011 - 2015
istanbul,22,0.0005794047932578351,2011 - 2015
newtown,22,0.0005794047932578351,2011 - 2015
arkansas,22,0.0005794047932578351,2011 - 2015
north korean,22,0.0005794047932578351,2011 - 2015
quran,22,0.0005794047932578351,2011 - 2015
rome,22,0.0005794047932578351,2011 - 2015
finsbury park,21,0.0005530682117461153,2011 - 2015
shia,21,0.0005530682117461153,2011 - 2015
poland,21,0.0005530682117461153,2011 - 2015
african american,21,0.0005530682117461153,2011 - 2015
hawaii,21,0.0005530682117461153,2011 - 2015
alexandria,21,0.0005530682117461153,2011 - 2015
vermont,20,0.0005267316302343956,2011 - 2015
denmark,20,0.0005267316302343956,2011 - 2015
austin,20,0.0005267316302343956,2011 - 2015
strasbourg,20,0.0005267316302343956,2011 - 2015
couliba,20,0.0005267316302343956,2011 - 2015
hamburg,20,0.0005267316302343956,2011 - 2015
seattle,20,0.0005267316302343956,2011 - 2015
mississippi,20,0.0005267316302343956,2011 - 2015
non muslims,20,0.0005267316302343956,2011 - 2015
birmingham,19,0.0005003950487226758,2011 - 2015
hong kong,19,0.0005003950487226758,2011 - 2015
kurd,19,0.0005003950487226758,2011 - 2015
kuala lumpur,19,0.0005003950487226758,2011 - 2015
riyadh,19,0.0005003950487226758,2011 - 2015
cleveland,19,0.0005003950487226758,2011 - 2015
oakland park  ,19,0.0005003950487226758,2011 - 2015
tokyo,18,0.00047405846721095603,2011 - 2015
amman,18,0.00047405846721095603,2011 - 2015
cambridge,18,0.00047405846721095603,2011 - 2015
new mexico,18,0.00047405846721095603,2011 - 2015
venezuela,18,0.00047405846721095603,2011 - 2015
louisiana,18,0.00047405846721095603,2011 - 2015
geneva,18,0.00047405846721095603,2011 - 2015
alaska,18,0.00047405846721095603,2011 - 2015
dubai,17,0.0004477218856992362,2011 - 2015
uk,17,0.0004477218856992362,2011 - 2015
hispanic,17,0.0004477218856992362,2011 - 2015
houston,17,0.0004477218856992362,2011 - 2015
marxist,17,0.0004477218856992362,2011 - 2015
md   ,16,0.00042138530418751646,2011 - 2015
oakland,16,0.00042138530418751646,2011 - 2015
anti american,16,0.00042138530418751646,2011 - 2015
singh kaleka,16,0.00042138530418751646,2011 - 2015
latin,16,0.00042138530418751646,2011 - 2015
columbus,16,0.00042138530418751646,2011 - 2015
singapore,16,0.00042138530418751646,2011 - 2015
rio de janeiro,15,0.0003950487226757967,2011 - 2015
orlando,15,0.0003950487226757967,2011 - 2015
sacramento,15,0.0003950487226757967,2011 - 2015
mogadishu,15,0.0003950487226757967,2011 - 2015
albany,15,0.0003950487226757967,2011 - 2015
han,15,0.0003950487226757967,2011 - 2015
najibullah zazi,15,0.0003950487226757967,2011 - 2015
peru,15,0.0003950487226757967,2011 - 2015
alabama,15,0.0003950487226757967,2011 - 2015
conn,15,0.0003950487226757967,2011 - 2015
rwanda,14,0.0003687121411640769,2011 - 2015
frankfurt,14,0.0003687121411640769,2011 - 2015
belfast,14,0.0003687121411640769,2011 - 2015
st  louis,14,0.0003687121411640769,2011 - 2015
the dominican republic,14,0.0003687121411640769,2011 - 2015
new orleans,14,0.0003687121411640769,2011 - 2015
karachi,14,0.0003687121411640769,2011 - 2015
va,14,0.0003687121411640769,2011 - 2015
south african,14,0.0003687121411640769,2011 - 2015
springfield,14,0.0003687121411640769,2011 - 2015
cincinnati,13,0.00034237555965235713,2011 - 2015
addis ababa,13,0.00034237555965235713,2011 - 2015
albania,13,0.00034237555965235713,2011 - 2015
jamaica,13,0.00034237555965235713,2011 - 2015
arlington,13,0.00034237555965235713,2011 - 2015
jean,13,0.00034237555965235713,2011 - 2015
fort lauderdale,13,0.00034237555965235713,2011 - 2015
nebraska,13,0.00034237555965235713,2011 - 2015
romania,13,0.00034237555965235713,2011 - 2015
munich,13,0.00034237555965235713,2011 - 2015
manila,12,0.0003160389781406373,2011 - 2015
lockerbie,12,0.0003160389781406373,2011 - 2015
kuala lumpur  ,12,0.0003160389781406373,2011 - 2015
the islamic republic of,12,0.0003160389781406373,2011 - 2015
charlotte,12,0.0003160389781406373,2011 - 2015
mauritania,12,0.0003160389781406373,2011 - 2015
portugal,12,0.0003160389781406373,2011 - 2015
sana,12,0.0003160389781406373,2011 - 2015
kandahar,12,0.0003160389781406373,2011 - 2015
aden,12,0.0003160389781406373,2011 - 2015
san jose,12,0.0003160389781406373,2011 - 2015
aceh,12,0.0003160389781406373,2011 - 2015
new zealand,12,0.0003160389781406373,2011 - 2015
sunni muslim,12,0.0003160389781406373,2011 - 2015
phoenix,11,0.00028970239662891756,2011 - 2015
liberia,11,0.00028970239662891756,2011 - 2015
minn,11,0.00028970239662891756,2011 - 2015
seoul,11,0.00028970239662891756,2011 - 2015
cozen,11,0.00028970239662891756,2011 - 2015
sochi,11,0.00028970239662891756,2011 - 2015
san bernardino  ,11,0.00028970239662891756,2011 - 2015
rhode island,11,0.00028970239662891756,2011 - 2015
nicaragua,11,0.00028970239662891756,2011 - 2015
north american,10,0.0002633658151171978,2011 - 2015
south asian,10,0.0002633658151171978,2011 - 2015
quebec,10,0.0002633658151171978,2011 - 2015
vienna,10,0.0002633658151171978,2011 - 2015
lgbt,10,0.0002633658151171978,2011 - 2015
a pakistani american,10,0.0002633658151171978,2011 - 2015
stockholm,10,0.0002633658151171978,2011 - 2015
east african,10,0.0002633658151171978,2011 - 2015
louisville,10,0.0002633658151171978,2011 - 2015
south korean,10,0.0002633658151171978,2011 - 2015
ramallah,10,0.0002633658151171978,2011 - 2015
zionist,10,0.0002633658151171978,2011 - 2015
burma,10,0.0002633658151171978,2011 - 2015
kunm,10,0.0002633658151171978,2011 - 2015
latin american,9,0.00023702923360547802,2011 - 2015
kazakhstan,9,0.00023702923360547802,2011 - 2015
cuban american,9,0.00023702923360547802,2011 - 2015
harrisburg,9,0.00023702923360547802,2011 - 2015
mombasa,9,0.00023702923360547802,2011 - 2015
shanghai,9,0.00023702923360547802,2011 - 2015
sudanese,9,0.00023702923360547802,2011 - 2015
american muslims,9,0.00023702923360547802,2011 - 2015
lima,9,0.00023702923360547802,2011 - 2015
kansas city,9,0.00023702923360547802,2011 - 2015
a united states,9,0.00023702923360547802,2011 - 2015
saudi arabian,9,0.00023702923360547802,2011 - 2015
the united states  ,9,0.00023702923360547802,2011 - 2015
shanksville,9,0.00023702923360547802,2011 - 2015
southeast asian,9,0.00023702923360547802,2011 - 2015
rican,9,0.00023702923360547802,2011 - 2015
argentina,9,0.00023702923360547802,2011 - 2015
muslim american,9,0.00023702923360547802,2011 - 2015
alwan,9,0.00023702923360547802,2011 - 2015
baltimore,9,0.00023702923360547802,2011 - 2015
central asian,8,0.00021069265209375823,2011 - 2015
sunni arabs,8,0.00021069265209375823,2011 - 2015
indianapolis,8,0.00021069265209375823,2011 - 2015
west point,8,0.00021069265209375823,2011 - 2015
viet,8,0.00021069265209375823,2011 - 2015
mecca,8,0.00021069265209375823,2011 - 2015
basque,8,0.00021069265209375823,2011 - 2015
djibouti,8,0.00021069265209375823,2011 - 2015
the united states court,8,0.00021069265209375823,2011 - 2015
hebron,8,0.00021069265209375823,2011 - 2015
newburgh,8,0.00021069265209375823,2011 - 2015
buddhist,8,0.00021069265209375823,2011 - 2015
montreal,8,0.00021069265209375823,2011 - 2015
anti muslim,8,0.00021069265209375823,2011 - 2015
berkeley,8,0.00021069265209375823,2011 - 2015
macedonia,8,0.00021069265209375823,2011 - 2015
polish,7,0.00018435607058203845,2011 - 2015
finland,7,0.00018435607058203845,2011 - 2015
taiwan,7,0.00018435607058203845,2011 - 2015
ark,7,0.00018435607058203845,2011 - 2015
sunni muslims,7,0.00018435607058203845,2011 - 2015
karzai,7,0.00018435607058203845,2011 - 2015
fort,7,0.00018435607058203845,2011 - 2015
knoxville,7,0.00018435607058203845,2011 - 2015
azerbaijan,7,0.00018435607058203845,2011 - 2015
sydney,7,0.00018435607058203845,2011 - 2015
camden,7,0.00018435607058203845,2011 - 2015
soviet union,7,0.00018435607058203845,2011 - 2015
khartoum,7,0.00018435607058203845,2011 - 2015
josefina,7,0.00018435607058203845,2011 - 2015
yugoslavia,7,0.00018435607058203845,2011 - 2015
philippines,7,0.00018435607058203845,2011 - 2015
south tampa,7,0.00018435607058203845,2011 - 2015
contra,7,0.00018435607058203845,2011 - 2015
kurdistan,7,0.00018435607058203845,2011 - 2015
ashland,7,0.00018435607058203845,2011 - 2015
haiti,7,0.00018435607058203845,2011 - 2015
aurora,7,0.00018435607058203845,2011 - 2015
han chinese,7,0.00018435607058203845,2011 - 2015
gaza strip,7,0.00018435607058203845,2011 - 2015
jacksonville,7,0.00018435607058203845,2011 - 2015
guatemala,6,0.00015801948907031866,2011 - 2015
eritrea,6,0.00015801948907031866,2011 - 2015
hiroshima,6,0.00015801948907031866,2011 - 2015
cambodia,6,0.00015801948907031866,2011 - 2015
british muslims,6,0.00015801948907031866,2011 - 2015
hebrew,6,0.00015801948907031866,2011 - 2015
pyongyang,6,0.00015801948907031866,2011 - 2015
bangkok,6,0.00015801948907031866,2011 - 2015
sri lanka,6,0.00015801948907031866,2011 - 2015
the new york,6,0.00015801948907031866,2011 - 2015
south american,6,0.00015801948907031866,2011 - 2015
mich,6,0.00015801948907031866,2011 - 2015
sunni arab,6,0.00015801948907031866,2011 - 2015
dublin,6,0.00015801948907031866,2011 - 2015
nazi germany,6,0.00015801948907031866,2011 - 2015
little rock,6,0.00015801948907031866,2011 - 2015
al,6,0.00015801948907031866,2011 - 2015
bratton,6,0.00015801948907031866,2011 - 2015
doha,6,0.00015801948907031866,2011 - 2015
lake county,6,0.00015801948907031866,2011 - 2015
macdinton,6,0.00015801948907031866,2011 - 2015
eurasia,6,0.00015801948907031866,2011 - 2015
portland,6,0.00015801948907031866,2011 - 2015
nunn,6,0.00015801948907031866,2011 - 2015
lesbian,6,0.00015801948907031866,2011 - 2015
milan,6,0.00015801948907031866,2011 - 2015
allegheny county,6,0.00015801948907031866,2011 - 2015
new york city s,6,0.00015801948907031866,2011 - 2015
eastern province,6,0.00015801948907031866,2011 - 2015
ark   ,6,0.00015801948907031866,2011 - 2015
johannesburg,6,0.00015801948907031866,2011 - 2015
caracas,6,0.00015801948907031866,2011 - 2015
el khazzani,6,0.00015801948907031866,2011 - 2015
qaeda,6,0.00015801948907031866,2011 - 2015
nashville,6,0.00015801948907031866,2011 - 2015
african americans,6,0.00015801948907031866,2011 - 2015
toledo,6,0.00015801948907031866,2011 - 2015
united kingdom,6,0.00015801948907031866,2011 - 2015
quranic,6,0.00015801948907031866,2011 - 2015
jalalabad,6,0.00015801948907031866,2011 - 2015
monthslong,6,0.00015801948907031866,2011 - 2015
east jerusalem,5,0.0001316829075585989,2011 - 2015
baluchistan province,5,0.0001316829075585989,2011 - 2015
nasr city,5,0.0001316829075585989,2011 - 2015
omaha,5,0.0001316829075585989,2011 - 2015
st  paul,5,0.0001316829075585989,2011 - 2015
persian,5,0.0001316829075585989,2011 - 2015
noun,5,0.0001316829075585989,2011 - 2015
milwaukee county,5,0.0001316829075585989,2011 - 2015
venetian,5,0.0001316829075585989,2011 - 2015
darfur,5,0.0001316829075585989,2011 - 2015
tucson,5,0.0001316829075585989,2011 - 2015
mexico city,5,0.0001316829075585989,2011 - 2015
qatari,5,0.0001316829075585989,2011 - 2015
prague,5,0.0001316829075585989,2011 - 2015
quantico,5,0.0001316829075585989,2011 - 2015
warsaw,5,0.0001316829075585989,2011 - 2015
tibet,5,0.0001316829075585989,2011 - 2015
natchez,5,0.0001316829075585989,2011 - 2015
united arab,5,0.0001316829075585989,2011 - 2015
naperville,5,0.0001316829075585989,2011 - 2015
hong,5,0.0001316829075585989,2011 - 2015
hungary,5,0.0001316829075585989,2011 - 2015
costa rica,5,0.0001316829075585989,2011 - 2015
el paso,5,0.0001316829075585989,2011 - 2015
anbar province,5,0.0001316829075585989,2011 - 2015
julian,5,0.0001316829075585989,2011 - 2015
autocrat,5,0.0001316829075585989,2011 - 2015
madison,5,0.0001316829075585989,2011 - 2015
yunnan province,5,0.0001316829075585989,2011 - 2015
non american,5,0.0001316829075585989,2011 - 2015
ashfaq,5,0.0001316829075585989,2011 - 2015
humanitarian,5,0.0001316829075585989,2011 - 2015
mosque,5,0.0001316829075585989,2011 - 2015
west  ,5,0.0001316829075585989,2011 - 2015
hindu,5,0.0001316829075585989,2011 - 2015
usa,5,0.0001316829075585989,2011 - 2015
tajikistan,5,0.0001316829075585989,2011 - 2015
najibullah,5,0.0001316829075585989,2011 - 2015
serbia,5,0.0001316829075585989,2011 - 2015
jersey city,5,0.0001316829075585989,2011 - 2015
midland,5,0.0001316829075585989,2011 - 2015
ghana,5,0.0001316829075585989,2011 - 2015
bernardino,5,0.0001316829075585989,2011 - 2015
cook county,5,0.0001316829075585989,2011 - 2015
benghazi,5,0.0001316829075585989,2011 - 2015
west virginians,5,0.0001316829075585989,2011 - 2015
chile,4,0.00010534632604687912,2011 - 2015
eu,4,0.00010534632604687912,2011 - 2015
helmand province,4,0.00010534632604687912,2011 - 2015
hartwig,4,0.00010534632604687912,2011 - 2015
miami valley,4,0.00010534632604687912,2011 - 2015
tibetan,4,0.00010534632604687912,2011 - 2015
mo   ,4,0.00010534632604687912,2011 - 2015
the czech republic,4,0.00010534632604687912,2011 - 2015
oslo,4,0.00010534632604687912,2011 - 2015
kyrgyzstan,4,0.00010534632604687912,2011 - 2015
venice,4,0.00010534632604687912,2011 - 2015
wynne  ark   ,4,0.00010534632604687912,2011 - 2015
beverly hills,4,0.00010534632604687912,2011 - 2015
columbia,4,0.00010534632604687912,2011 - 2015
santa ana  calif,4,0.00010534632604687912,2011 - 2015
north koreans,4,0.00010534632604687912,2011 - 2015
newton,4,0.00010534632604687912,2011 - 2015
senakiewicz,4,0.00010534632604687912,2011 - 2015
santa monica,4,0.00010534632604687912,2011 - 2015
niger,4,0.00010534632604687912,2011 - 2015
koran,4,0.00010534632604687912,2011 - 2015
kiev,4,0.00010534632604687912,2011 - 2015
canberra,4,0.00010534632604687912,2011 - 2015
dresden,4,0.00010534632604687912,2011 - 2015
arab american,4,0.00010534632604687912,2011 - 2015
bulgaria,4,0.00010534632604687912,2011 - 2015
roman,4,0.00010534632604687912,2011 - 2015
salt lake county,4,0.00010534632604687912,2011 - 2015
san diego s,4,0.00010534632604687912,2011 - 2015
somali american,4,0.00010534632604687912,2011 - 2015
budapest,4,0.00010534632604687912,2011 - 2015
western muslim,4,0.00010534632604687912,2011 - 2015
schaumburg,4,0.00010534632604687912,2011 - 2015
bloomington,4,0.00010534632604687912,2011 - 2015
lexington,4,0.00010534632604687912,2011 - 2015
creepy,4,0.00010534632604687912,2011 - 2015
dar es salaam,4,0.00010534632604687912,2011 - 2015
senegalese,4,0.00010534632604687912,2011 - 2015
saudi arabia  turkey  ,4,0.00010534632604687912,2011 - 2015
jefferson city,4,0.00010534632604687912,2011 - 2015
appalachian,4,0.00010534632604687912,2011 - 2015
butler county,4,0.00010534632604687912,2011 - 2015
haqqani,4,0.00010534632604687912,2011 - 2015
el salvador,4,0.00010534632604687912,2011 - 2015
cherry hill,4,0.00010534632604687912,2011 - 2015
garland,4,0.00010534632604687912,2011 - 2015
virginia beach,4,0.00010534632604687912,2011 - 2015
ivory coast,4,0.00010534632604687912,2011 - 2015
tex   ,4,0.00010534632604687912,2011 - 2015
nablus,4,0.00010534632604687912,2011 - 2015
the dominican republic  ,4,0.00010534632604687912,2011 - 2015
gaza city,4,0.00010534632604687912,2011 - 2015
makhachkala,4,0.00010534632604687912,2011 - 2015
gujarat,4,0.00010534632604687912,2011 - 2015
shinrikyo,4,0.00010534632604687912,2011 - 2015
congo,4,0.00010534632604687912,2011 - 2015
mustafa,4,0.00010534632604687912,2011 - 2015
ferguson,4,0.00010534632604687912,2011 - 2015
conservative,4,0.00010534632604687912,2011 - 2015
louis county,4,0.00010534632604687912,2011 - 2015
hassan,4,0.00010534632604687912,2011 - 2015
little rock  ,4,0.00010534632604687912,2011 - 2015
socialist,4,0.00010534632604687912,2011 - 2015
anaheim,4,0.00010534632604687912,2011 - 2015
nagasaki,3,7.900974453515933e-05,2011 - 2015
decatur,3,7.900974453515933e-05,2011 - 2015
japanese american,3,7.900974453515933e-05,2011 - 2015
meridian,3,7.900974453515933e-05,2011 - 2015
al shabab,3,7.900974453515933e-05,2011 - 2015
sina weibo,3,7.900974453515933e-05,2011 - 2015
northwest africa,3,7.900974453515933e-05,2011 - 2015
madrasa,3,7.900974453515933e-05,2011 - 2015
vatican city,3,7.900974453515933e-05,2011 - 2015
the democratic republic,3,7.900974453515933e-05,2011 - 2015
alaskan,3,7.900974453515933e-05,2011 - 2015
ontario,3,7.900974453515933e-05,2011 - 2015
medina,3,7.900974453515933e-05,2011 - 2015
slovak,3,7.900974453515933e-05,2011 - 2015
putnam county,3,7.900974453515933e-05,2011 - 2015
nicosia,3,7.900974453515933e-05,2011 - 2015
shia muslim,3,7.900974453515933e-05,2011 - 2015
parwan,3,7.900974453515933e-05,2011 - 2015
rcmp,3,7.900974453515933e-05,2011 - 2015
sunni islamic,3,7.900974453515933e-05,2011 - 2015
a palestinian american,3,7.900974453515933e-05,2011 - 2015
japanese americans,3,7.900974453515933e-05,2011 - 2015
ridgefield,3,7.900974453515933e-05,2011 - 2015
fresno,3,7.900974453515933e-05,2011 - 2015
dove,3,7.900974453515933e-05,2011 - 2015
san bernardino county s,3,7.900974453515933e-05,2011 - 2015
la   ,3,7.900974453515933e-05,2011 - 2015
qala,3,7.900974453515933e-05,2011 - 2015
san diego  ,3,7.900974453515933e-05,2011 - 2015
meriden,3,7.900974453515933e-05,2011 - 2015
bucks county,3,7.900974453515933e-05,2011 - 2015
st  louis  ,3,7.900974453515933e-05,2011 - 2015
mclean,3,7.900974453515933e-05,2011 - 2015
russian american,3,7.900974453515933e-05,2011 - 2015
johnstown,3,7.900974453515933e-05,2011 - 2015
olivia,3,7.900974453515933e-05,2011 - 2015
kingston,3,7.900974453515933e-05,2011 - 2015
aceh province,3,7.900974453515933e-05,2011 - 2015
amanda,3,7.900974453515933e-05,2011 - 2015
baton rouge,3,7.900974453515933e-05,2011 - 2015
hartford,3,7.900974453515933e-05,2011 - 2015
k,3,7.900974453515933e-05,2011 - 2015
henrico county,3,7.900974453515933e-05,2011 - 2015
henderson,3,7.900974453515933e-05,2011 - 2015
plainfield,3,7.900974453515933e-05,2011 - 2015
a kurdish syrian  ,3,7.900974453515933e-05,2011 - 2015
ramsey county,3,7.900974453515933e-05,2011 - 2015
hezbollah,3,7.900974453515933e-05,2011 - 2015
xinjiang city,3,7.900974453515933e-05,2011 - 2015
west orange  n,3,7.900974453515933e-05,2011 - 2015
oak creek,3,7.900974453515933e-05,2011 - 2015
ada county,3,7.900974453515933e-05,2011 - 2015
yamina,3,7.900974453515933e-05,2011 - 2015
uzbekistan,3,7.900974453515933e-05,2011 - 2015
west los angeles,3,7.900974453515933e-05,2011 - 2015
luton,3,7.900974453515933e-05,2011 - 2015
long island,3,7.900974453515933e-05,2011 - 2015
rotterdam,3,7.900974453515933e-05,2011 - 2015
canadian egyptian,3,7.900974453515933e-05,2011 - 2015
shiite muslim,3,7.900974453515933e-05,2011 - 2015
netflix,3,7.900974453515933e-05,2011 - 2015
evangelical,3,7.900974453515933e-05,2011 - 2015
miami   ,3,7.900974453515933e-05,2011 - 2015
saudi arabia  ,3,7.900974453515933e-05,2011 - 2015
newark,3,7.900974453515933e-05,2011 - 2015
south jersey,3,7.900974453515933e-05,2011 - 2015
sharma,3,7.900974453515933e-05,2011 - 2015
saudi arabia s,3,7.900974453515933e-05,2011 - 2015
hillel,3,7.900974453515933e-05,2011 - 2015
handschu,3,7.900974453515933e-05,2011 - 2015
hillside,3,7.900974453515933e-05,2011 - 2015
mohanad,3,7.900974453515933e-05,2011 - 2015
melilla,3,7.900974453515933e-05,2011 - 2015
kamran,3,7.900974453515933e-05,2011 - 2015
rhino,3,7.900974453515933e-05,2011 - 2015
a chechen,3,7.900974453515933e-05,2011 - 2015
abu dhabi,3,7.900974453515933e-05,2011 - 2015
raza,3,7.900974453515933e-05,2011 - 2015
henrico,3,7.900974453515933e-05,2011 - 2015
the pakistani american,3,7.900974453515933e-05,2011 - 2015
mali don,3,7.900974453515933e-05,2011 - 2015
pretoria,3,7.900974453515933e-05,2011 - 2015
raleigh,3,7.900974453515933e-05,2011 - 2015
east talpiot,3,7.900974453515933e-05,2011 - 2015
atlantic city,3,7.900974453515933e-05,2011 - 2015
madison county,3,7.900974453515933e-05,2011 - 2015
kissane,3,7.900974453515933e-05,2011 - 2015
hassoun,3,7.900974453515933e-05,2011 - 2015
la,3,7.900974453515933e-05,2011 - 2015
cilluffo,3,7.900974453515933e-05,2011 - 2015
the russian federation,3,7.900974453515933e-05,2011 - 2015
scandinavian,3,7.900974453515933e-05,2011 - 2015
puerto rico,3,7.900974453515933e-05,2011 - 2015
non americans,3,7.900974453515933e-05,2011 - 2015
san antonio,3,7.900974453515933e-05,2011 - 2015
langley,3,7.900974453515933e-05,2011 - 2015
norfolk,3,7.900974453515933e-05,2011 - 2015
el sisi,3,7.900974453515933e-05,2011 - 2015
lithuania,3,7.900974453515933e-05,2011 - 2015
pakistani american,3,7.900974453515933e-05,2011 - 2015
warren,3,7.900974453515933e-05,2011 - 2015
marseille,3,7.900974453515933e-05,2011 - 2015
malta,3,7.900974453515933e-05,2011 - 2015
xinjiang province,3,7.900974453515933e-05,2011 - 2015
republic,3,7.900974453515933e-05,2011 - 2015
delaware,3,7.900974453515933e-05,2011 - 2015
bana,3,7.900974453515933e-05,2011 - 2015
apec,3,7.900974453515933e-05,2011 - 2015
west london,3,7.900974453515933e-05,2011 - 2015
basra,3,7.900974453515933e-05,2011 - 2015
fairfax,3,7.900974453515933e-05,2011 - 2015
czech,3,7.900974453515933e-05,2011 - 2015
ellicott city,3,7.900974453515933e-05,2011 - 2015
bethlehem,3,7.900974453515933e-05,2011 - 2015
los angeles airport,3,7.900974453515933e-05,2011 - 2015
los zetas,3,7.900974453515933e-05,2011 - 2015
central african,3,7.900974453515933e-05,2011 - 2015
stuttgart,3,7.900974453515933e-05,2011 - 2015
western africa,3,7.900974453515933e-05,2011 - 2015
saudi arabia  turkey,3,7.900974453515933e-05,2011 - 2015
pandjaitan,3,7.900974453515933e-05,2011 - 2015
jemaaah,3,7.900974453515933e-05,2011 - 2015
salah,3,7.900974453515933e-05,2011 - 2015
karlsruhe,3,7.900974453515933e-05,2011 - 2015
davo,3,7.900974453515933e-05,2011 - 2015
tamerlan,3,7.900974453515933e-05,2011 - 2015
pakistan  turkey,3,7.900974453515933e-05,2011 - 2015
princeton,3,7.900974453515933e-05,2011 - 2015
long beach,3,7.900974453515933e-05,2011 - 2015
trenton,3,7.900974453515933e-05,2011 - 2015
zimbabwe,2,5.267316302343956e-05,2011 - 2015
willi,2,5.267316302343956e-05,2011 - 2015
tiffany york,2,5.267316302343956e-05,2011 - 2015
kane county,2,5.267316302343956e-05,2011 - 2015
fairfield,2,5.267316302343956e-05,2011 - 2015
yousafzai,2,5.267316302343956e-05,2011 - 2015
helmand,2,5.267316302343956e-05,2011 - 2015
orange county,2,5.267316302343956e-05,2011 - 2015
salt lake,2,5.267316302343956e-05,2011 - 2015
mayorka,2,5.267316302343956e-05,2011 - 2015
native americans,2,5.267316302343956e-05,2011 - 2015
asia pakistani,2,5.267316302343956e-05,2011 - 2015
adams county,2,5.267316302343956e-05,2011 - 2015
iowa city,2,5.267316302343956e-05,2011 - 2015
murad,2,5.267316302343956e-05,2011 - 2015
wilson county,2,5.267316302343956e-05,2011 - 2015
european muslims,2,5.267316302343956e-05,2011 - 2015
ecuador,2,5.267316302343956e-05,2011 - 2015
stalinist,2,5.267316302343956e-05,2011 - 2015
plymouth county,2,5.267316302343956e-05,2011 - 2015
boycott,2,5.267316302343956e-05,2011 - 2015
naples,2,5.267316302343956e-05,2011 - 2015
samarra,2,5.267316302343956e-05,2011 - 2015
adesanya,2,5.267316302343956e-05,2011 - 2015
ian,2,5.267316302343956e-05,2011 - 2015
mchenry county,2,5.267316302343956e-05,2011 - 2015
kaysville,2,5.267316302343956e-05,2011 - 2015
wean,2,5.267316302343956e-05,2011 - 2015
zionism,2,5.267316302343956e-05,2011 - 2015
stamford,2,5.267316302343956e-05,2011 - 2015
the  west bank,2,5.267316302343956e-05,2011 - 2015
mogadishu  somalia,2,5.267316302343956e-05,2011 - 2015
allergan,2,5.267316302343956e-05,2011 - 2015
asean,2,5.267316302343956e-05,2011 - 2015
xenia,2,5.267316302343956e-05,2011 - 2015
russian province,2,5.267316302343956e-05,2011 - 2015
a french,2,5.267316302343956e-05,2011 - 2015
the european union,2,5.267316302343956e-05,2011 - 2015
brunei,2,5.267316302343956e-05,2011 - 2015
palin,2,5.267316302343956e-05,2011 - 2015
blacksburg,2,5.267316302343956e-05,2011 - 2015
brasilia,2,5.267316302343956e-05,2011 - 2015
lancaster county,2,5.267316302343956e-05,2011 - 2015
non islamist,2,5.267316302343956e-05,2011 - 2015
raleigh county,2,5.267316302343956e-05,2011 - 2015
goteborg,2,5.267316302343956e-05,2011 - 2015
dominican,2,5.267316302343956e-05,2011 - 2015
raton,2,5.267316302343956e-05,2011 - 2015
nativist,2,5.267316302343956e-05,2011 - 2015
kouachi,2,5.267316302343956e-05,2011 - 2015
joplin  mo,2,5.267316302343956e-05,2011 - 2015
coulibaly paris,2,5.267316302343956e-05,2011 - 2015
santa ana,2,5.267316302343956e-05,2011 - 2015
reardon,2,5.267316302343956e-05,2011 - 2015
british muslim,2,5.267316302343956e-05,2011 - 2015
kashmir province,2,5.267316302343956e-05,2011 - 2015
tallahassee,2,5.267316302343956e-05,2011 - 2015
west germany,2,5.267316302343956e-05,2011 - 2015
saidon,2,5.267316302343956e-05,2011 - 2015
qui,2,5.267316302343956e-05,2011 - 2015
bahrain,2,5.267316302343956e-05,2011 - 2015
san francisco international airport,2,5.267316302343956e-05,2011 - 2015
mason city,2,5.267316302343956e-05,2011 - 2015
saudi kingdom,2,5.267316302343956e-05,2011 - 2015
slovenia,2,5.267316302343956e-05,2011 - 2015
marai,2,5.267316302343956e-05,2011 - 2015
chicagoan,2,5.267316302343956e-05,2011 - 2015
loyola,2,5.267316302343956e-05,2011 - 2015
md,2,5.267316302343956e-05,2011 - 2015
philippine,2,5.267316302343956e-05,2011 - 2015
san mateo,2,5.267316302343956e-05,2011 - 2015
tupelo,2,5.267316302343956e-05,2011 - 2015
n  korea,2,5.267316302343956e-05,2011 - 2015
miami dade county  ,2,5.267316302343956e-05,2011 - 2015
singaporean,2,5.267316302343956e-05,2011 - 2015
north philadelphia,2,5.267316302343956e-05,2011 - 2015
fsia,2,5.267316302343956e-05,2011 - 2015
ionian,2,5.267316302343956e-05,2011 - 2015
karbala,2,5.267316302343956e-05,2011 - 2015
east germany,2,5.267316302343956e-05,2011 - 2015
qatada,2,5.267316302343956e-05,2011 - 2015
bali,2,5.267316302343956e-05,2011 - 2015
thrill,2,5.267316302343956e-05,2011 - 2015
hong   ,2,5.267316302343956e-05,2011 - 2015
the united states  european union,2,5.267316302343956e-05,2011 - 2015
liverpool,2,5.267316302343956e-05,2011 - 2015
lake beach,2,5.267316302343956e-05,2011 - 2015
heston,2,5.267316302343956e-05,2011 - 2015
oman,2,5.267316302343956e-05,2011 - 2015
finmeccanica,2,5.267316302343956e-05,2011 - 2015
bingham county,2,5.267316302343956e-05,2011 - 2015
hotan,2,5.267316302343956e-05,2011 - 2015
south village,2,5.267316302343956e-05,2011 - 2015
kino,2,5.267316302343956e-05,2011 - 2015
southwestern germany,2,5.267316302343956e-05,2011 - 2015
dawn,2,5.267316302343956e-05,2011 - 2015
delaware county,2,5.267316302343956e-05,2011 - 2015
west palm beach,2,5.267316302343956e-05,2011 - 2015
the southeast asian,2,5.267316302343956e-05,2011 - 2015
kandahar province,2,5.267316302343956e-05,2011 - 2015
edt,2,5.267316302343956e-05,2011 - 2015
non arab,2,5.267316302343956e-05,2011 - 2015
new york times,2,5.267316302343956e-05,2011 - 2015
turkmenistan,2,5.267316302343956e-05,2011 - 2015
saskatchewan,2,5.267316302343956e-05,2011 - 2015
west indian,2,5.267316302343956e-05,2011 - 2015
calgary,2,5.267316302343956e-05,2011 - 2015
dislodge,2,5.267316302343956e-05,2011 - 2015
xa,2,5.267316302343956e-05,2011 - 2015
the islamic republic attend,2,5.267316302343956e-05,2011 - 2015
koroma,2,5.267316302343956e-05,2011 - 2015
indiegogo,2,5.267316302343956e-05,2011 - 2015
la planta,2,5.267316302343956e-05,2011 - 2015
georgetown,2,5.267316302343956e-05,2011 - 2015
hague,2,5.267316302343956e-05,2011 - 2015
el sissi,2,5.267316302343956e-05,2011 - 2015
luxembourg,2,5.267316302343956e-05,2011 - 2015
mareb,2,5.267316302343956e-05,2011 - 2015
astoria,2,5.267316302343956e-05,2011 - 2015
oakland park,2,5.267316302343956e-05,2011 - 2015
kissimmee,2,5.267316302343956e-05,2011 - 2015
framingham,2,5.267316302343956e-05,2011 - 2015
southern germany,2,5.267316302343956e-05,2011 - 2015
moon,2,5.267316302343956e-05,2011 - 2015
the collin county,2,5.267316302343956e-05,2011 - 2015
brookline,2,5.267316302343956e-05,2011 - 2015
west philadelphia,2,5.267316302343956e-05,2011 - 2015
mongolia,2,5.267316302343956e-05,2011 - 2015
md   load,2,5.267316302343956e-05,2011 - 2015
lowell,2,5.267316302343956e-05,2011 - 2015
dayton,2,5.267316302343956e-05,2011 - 2015
hai,2,5.267316302343956e-05,2011 - 2015
waziristan,2,5.267316302343956e-05,2011 - 2015
central african republic,2,5.267316302343956e-05,2011 - 2015
arabia,2,5.267316302343956e-05,2011 - 2015
hurtig,2,5.267316302343956e-05,2011 - 2015
yunnan,2,5.267316302343956e-05,2011 - 2015
sarasota,2,5.267316302343956e-05,2011 - 2015
leaden,2,5.267316302343956e-05,2011 - 2015
annapolis,2,5.267316302343956e-05,2011 - 2015
yeoman,2,5.267316302343956e-05,2011 - 2015
villejuif,2,5.267316302343956e-05,2011 - 2015
barcelona,2,5.267316302343956e-05,2011 - 2015
british columbia,2,5.267316302343956e-05,2011 - 2015
elia,2,5.267316302343956e-05,2011 - 2015
florian,2,5.267316302343956e-05,2011 - 2015
new brunswick,2,5.267316302343956e-05,2011 - 2015
veranda,2,5.267316302343956e-05,2011 - 2015
the hague  ,2,5.267316302343956e-05,2011 - 2015
masri,2,5.267316302343956e-05,2011 - 2015
eastern germany,2,5.267316302343956e-05,2011 - 2015
tom island,2,5.267316302343956e-05,2011 - 2015
aksu city,2,5.267316302343956e-05,2011 - 2015
glynn county,2,5.267316302343956e-05,2011 - 2015
minhaj,2,5.267316302343956e-05,2011 - 2015
san juan  ,2,5.267316302343956e-05,2011 - 2015
kabul province,2,5.267316302343956e-05,2011 - 2015
permian,2,5.267316302343956e-05,2011 - 2015
mohamed merah,2,5.267316302343956e-05,2011 - 2015
salama,2,5.267316302343956e-05,2011 - 2015
dieudonn,2,5.267316302343956e-05,2011 - 2015
somerset county,2,5.267316302343956e-05,2011 - 2015
sltrib,2,5.267316302343956e-05,2011 - 2015
propaganda,2,5.267316302343956e-05,2011 - 2015
hammond dunbar,2,5.267316302343956e-05,2011 - 2015
romania  lithuania,2,5.267316302343956e-05,2011 - 2015
dominates gaza,2,5.267316302343956e-05,2011 - 2015
persia,2,5.267316302343956e-05,2011 - 2015
rhodesia,2,5.267316302343956e-05,2011 - 2015
yisrael,2,5.267316302343956e-05,2011 - 2015
frei,2,5.267316302343956e-05,2011 - 2015
adrian,2,5.267316302343956e-05,2011 - 2015
miami dade county,2,5.267316302343956e-05,2011 - 2015
athens,2,5.267316302343956e-05,2011 - 2015
al arian,2,5.267316302343956e-05,2011 - 2015
latvia,2,5.267316302343956e-05,2011 - 2015
estonia,2,5.267316302343956e-05,2011 - 2015
miami dade,2,5.267316302343956e-05,2011 - 2015
murfreesboro,2,5.267316302343956e-05,2011 - 2015
clark county,2,5.267316302343956e-05,2011 - 2015
electrician,2,5.267316302343956e-05,2011 - 2015
the shabwa province,2,5.267316302343956e-05,2011 - 2015
qureshi,2,5.267316302343956e-05,2011 - 2015
washington county,2,5.267316302343956e-05,2011 - 2015
san antonio  ,2,5.267316302343956e-05,2011 - 2015
khan,2,5.267316302343956e-05,2011 - 2015
haifa,2,5.267316302343956e-05,2011 - 2015
eilat,2,5.267316302343956e-05,2011 - 2015
lee county,2,5.267316302343956e-05,2011 - 2015
san bernadino,2,5.267316302343956e-05,2011 - 2015
asia australian,2,5.267316302343956e-05,2011 - 2015
pomona,2,5.267316302343956e-05,2011 - 2015
templin,2,5.267316302343956e-05,2011 - 2015
luxor,2,5.267316302343956e-05,2011 - 2015
scranton,2,5.267316302343956e-05,2011 - 2015
meme,2,5.267316302343956e-05,2011 - 2015
azana,2,5.267316302343956e-05,2011 - 2015
brookfield,2,5.267316302343956e-05,2011 - 2015
chesterfield county,2,5.267316302343956e-05,2011 - 2015
uae,2,5.267316302343956e-05,2011 - 2015
san fermin,2,5.267316302343956e-05,2011 - 2015
pamplona,2,5.267316302343956e-05,2011 - 2015
south africa s city,2,5.267316302343956e-05,2011 - 2015
panama city,2,5.267316302343956e-05,2011 - 2015
kuti,2,5.267316302343956e-05,2011 - 2015
south county,2,5.267316302343956e-05,2011 - 2015
javanese,2,5.267316302343956e-05,2011 - 2015
medan,2,5.267316302343956e-05,2011 - 2015
skokie,2,5.267316302343956e-05,2011 - 2015
kayvan,2,5.267316302343956e-05,2011 - 2015
hussain,2,5.267316302343956e-05,2011 - 2015
forsyth county,2,5.267316302343956e-05,2011 - 2015
non jihadist,2,5.267316302343956e-05,2011 - 2015
silver spring,2,5.267316302343956e-05,2011 - 2015
western european,2,5.267316302343956e-05,2011 - 2015
adham,2,5.267316302343956e-05,2011 - 2015
south africans,2,5.267316302343956e-05,2011 - 2015
american muslim,2,5.267316302343956e-05,2011 - 2015
ccny,2,5.267316302343956e-05,2011 - 2015
northern africa,2,5.267316302343956e-05,2011 - 2015
west java,2,5.267316302343956e-05,2011 - 2015
delhi,2,5.267316302343956e-05,2011 - 2015
kapoor,2,5.267316302343956e-05,2011 - 2015
the islamic republic,2,5.267316302343956e-05,2011 - 2015
belmokhtar,2,5.267316302343956e-05,2011 - 2015
passaic county,2,5.267316302343956e-05,2011 - 2015
north jersey,2,5.267316302343956e-05,2011 - 2015
the pittsburgh va,2,5.267316302343956e-05,2011 - 2015
idlib province,2,5.267316302343956e-05,2011 - 2015
the chechen republic,2,5.267316302343956e-05,2011 - 2015
arlington heights,2,5.267316302343956e-05,2011 - 2015
marc,2,5.267316302343956e-05,2011 - 2015
alberta,2,5.267316302343956e-05,2011 - 2015
essex county,2,5.267316302343956e-05,2011 - 2015
eastern european,2,5.267316302343956e-05,2011 - 2015
crimean,2,5.267316302343956e-05,2011 - 2015
anti japanese american,2,5.267316302343956e-05,2011 - 2015
harpham,2,5.267316302343956e-05,2011 - 2015
sarajevo,2,5.267316302343956e-05,2011 - 2015
saudi city,2,5.267316302343956e-05,2011 - 2015
newport beach,2,5.267316302343956e-05,2011 - 2015
europe germany,2,5.267316302343956e-05,2011 - 2015
sioux city,2,5.267316302343956e-05,2011 - 2015
sunni chechen,2,5.267316302343956e-05,2011 - 2015
forsyth,2,5.267316302343956e-05,2011 - 2015
eurasian,2,5.267316302343956e-05,2011 - 2015
stevens county,2,5.267316302343956e-05,2011 - 2015
new jersey s,2,5.267316302343956e-05,2011 - 2015
anti muslim american,2,5.267316302343956e-05,2011 - 2015
tuscon,1,2.633658151171978e-05,2011 - 2015
wilmington,1,2.633658151171978e-05,2011 - 2015
hallmark westland,1,2.633658151171978e-05,2011 - 2015
los lu,1,2.633658151171978e-05,2011 - 2015
nas,1,2.633658151171978e-05,2011 - 2015
kurbanov,1,2.633658151171978e-05,2011 - 2015
qazi,1,2.633658151171978e-05,2011 - 2015
venezuela  ,1,2.633658151171978e-05,2011 - 2015
middle village,1,2.633658151171978e-05,2011 - 2015
inter american,1,2.633658151171978e-05,2011 - 2015
vanda,1,2.633658151171978e-05,2011 - 2015
africa west african,1,2.633658151171978e-05,2011 - 2015
botswana,1,2.633658151171978e-05,2011 - 2015
kohanlon,1,2.633658151171978e-05,2011 - 2015
mathews county,1,2.633658151171978e-05,2011 - 2015
nettleton,1,2.633658151171978e-05,2011 - 2015
wichita,1,2.633658151171978e-05,2011 - 2015
east quogue  ,1,2.633658151171978e-05,2011 - 2015
smette,1,2.633658151171978e-05,2011 - 2015
saudi arabia  thousands,1,2.633658151171978e-05,2011 - 2015
ivory,1,2.633658151171978e-05,2011 - 2015
hainesport,1,2.633658151171978e-05,2011 - 2015
beirut      ,1,2.633658151171978e-05,2011 - 2015
colonies,1,2.633658151171978e-05,2011 - 2015
the san jose mercury news,1,2.633658151171978e-05,2011 - 2015
brownsville,1,2.633658151171978e-05,2011 - 2015
jsou,1,2.633658151171978e-05,2011 - 2015
sharm el sheikh   ,1,2.633658151171978e-05,2011 - 2015
new africa,1,2.633658151171978e-05,2011 - 2015
arlington county  massengill,1,2.633658151171978e-05,2011 - 2015
geese,1,2.633658151171978e-05,2011 - 2015
dickinson,1,2.633658151171978e-05,2011 - 2015
recent pakistani,1,2.633658151171978e-05,2011 - 2015
mcghee,1,2.633658151171978e-05,2011 - 2015
lille,1,2.633658151171978e-05,2011 - 2015
worth county,1,2.633658151171978e-05,2011 - 2015
lahij province,1,2.633658151171978e-05,2011 - 2015
macau,1,2.633658151171978e-05,2011 - 2015
ventura,1,2.633658151171978e-05,2011 - 2015
kawamura,1,2.633658151171978e-05,2011 - 2015
majengo,1,2.633658151171978e-05,2011 - 2015
neville,1,2.633658151171978e-05,2011 - 2015
monaco,1,2.633658151171978e-05,2011 - 2015
saudi iranian,1,2.633658151171978e-05,2011 - 2015
asia karzai,1,2.633658151171978e-05,2011 - 2015
ottawa county,1,2.633658151171978e-05,2011 - 2015
elk grove,1,2.633658151171978e-05,2011 - 2015
voa,1,2.633658151171978e-05,2011 - 2015
donba,1,2.633658151171978e-05,2011 - 2015
adoli,1,2.633658151171978e-05,2011 - 2015
waziristan province,1,2.633658151171978e-05,2011 - 2015
el,1,2.633658151171978e-05,2011 - 2015
burkina,1,2.633658151171978e-05,2011 - 2015
north  america,1,2.633658151171978e-05,2011 - 2015
saidscott,1,2.633658151171978e-05,2011 - 2015
south korea korea,1,2.633658151171978e-05,2011 - 2015
glendale,1,2.633658151171978e-05,2011 - 2015
a sunni arab,1,2.633658151171978e-05,2011 - 2015
rotarian,1,2.633658151171978e-05,2011 - 2015
west virginian,1,2.633658151171978e-05,2011 - 2015
russian muslim,1,2.633658151171978e-05,2011 - 2015
abkhazia,1,2.633658151171978e-05,2011 - 2015
wilson county s,1,2.633658151171978e-05,2011 - 2015
united states of america,1,2.633658151171978e-05,2011 - 2015
united states of,1,2.633658151171978e-05,2011 - 2015
the sunni muslim,1,2.633658151171978e-05,2011 - 2015
fabian,1,2.633658151171978e-05,2011 - 2015
the united states  turkey,1,2.633658151171978e-05,2011 - 2015
ocean city,1,2.633658151171978e-05,2011 - 2015
killingamerican,1,2.633658151171978e-05,2011 - 2015
adem,1,2.633658151171978e-05,2011 - 2015
chechen heritage,1,2.633658151171978e-05,2011 - 2015
norman,1,2.633658151171978e-05,2011 - 2015
the kingdom of saudi arabia,1,2.633658151171978e-05,2011 - 2015
salberg,1,2.633658151171978e-05,2011 - 2015
bemidji,1,2.633658151171978e-05,2011 - 2015
wakefield,1,2.633658151171978e-05,2011 - 2015
sioux county,1,2.633658151171978e-05,2011 - 2015
lee  n h    ,1,2.633658151171978e-05,2011 - 2015
palestine  american,1,2.633658151171978e-05,2011 - 2015
amar,1,2.633658151171978e-05,2011 - 2015
hamidullin,1,2.633658151171978e-05,2011 - 2015
rochester,1,2.633658151171978e-05,2011 - 2015
conn  or,1,2.633658151171978e-05,2011 - 2015
drottninggatan,1,2.633658151171978e-05,2011 - 2015
anaconda,1,2.633658151171978e-05,2011 - 2015
cherry county,1,2.633658151171978e-05,2011 - 2015
wallingford,1,2.633658151171978e-05,2011 - 2015
tex   june         ,1,2.633658151171978e-05,2011 - 2015
beit al,1,2.633658151171978e-05,2011 - 2015
tenn   ,1,2.633658151171978e-05,2011 - 2015
los angeles city,1,2.633658151171978e-05,2011 - 2015
toole,1,2.633658151171978e-05,2011 - 2015
springboro,1,2.633658151171978e-05,2011 - 2015
zionista,1,2.633658151171978e-05,2011 - 2015
celestino,1,2.633658151171978e-05,2011 - 2015
araucania,1,2.633658151171978e-05,2011 - 2015
huntington,1,2.633658151171978e-05,2011 - 2015
hwan,1,2.633658151171978e-05,2011 - 2015
central jerusalem,1,2.633658151171978e-05,2011 - 2015
danese,1,2.633658151171978e-05,2011 - 2015
bremer county,1,2.633658151171978e-05,2011 - 2015
waterbury,1,2.633658151171978e-05,2011 - 2015
central american,1,2.633658151171978e-05,2011 - 2015
jpmorgan,1,2.633658151171978e-05,2011 - 2015
zurich,1,2.633658151171978e-05,2011 - 2015
hydra,1,2.633658151171978e-05,2011 - 2015
pyeongchang,1,2.633658151171978e-05,2011 - 2015
mass   ,1,2.633658151171978e-05,2011 - 2015
dawwa,1,2.633658151171978e-05,2011 - 2015
fort worth  ,1,2.633658151171978e-05,2011 - 2015
munley,1,2.633658151171978e-05,2011 - 2015
san diego  meld,1,2.633658151171978e-05,2011 - 2015
miami area,1,2.633658151171978e-05,2011 - 2015
somali american young,1,2.633658151171978e-05,2011 - 2015
east cairo,1,2.633658151171978e-05,2011 - 2015
moravian,1,2.633658151171978e-05,2011 - 2015
new york county,1,2.633658151171978e-05,2011 - 2015
lake city,1,2.633658151171978e-05,2011 - 2015
a saudi arabia,1,2.633658151171978e-05,2011 - 2015
brighton beach,1,2.633658151171978e-05,2011 - 2015
calhoun county,1,2.633658151171978e-05,2011 - 2015
theiran,1,2.633658151171978e-05,2011 - 2015
waza,1,2.633658151171978e-05,2011 - 2015
monsonego,1,2.633658151171978e-05,2011 - 2015
geist,1,2.633658151171978e-05,2011 - 2015
rockford,1,2.633658151171978e-05,2011 - 2015
st  louis county,1,2.633658151171978e-05,2011 - 2015
mecca  ,1,2.633658151171978e-05,2011 - 2015
ena   ,1,2.633658151171978e-05,2011 - 2015
jazan  ,1,2.633658151171978e-05,2011 - 2015
new york city subway,1,2.633658151171978e-05,2011 - 2015
hercules,1,2.633658151171978e-05,2011 - 2015
manhattan district,1,2.633658151171978e-05,2011 - 2015
likesomalia,1,2.633658151171978e-05,2011 - 2015
currenciescan,1,2.633658151171978e-05,2011 - 2015
afghanistan              ,1,2.633658151171978e-05,2011 - 2015
symington,1,2.633658151171978e-05,2011 - 2015
curnutte,1,2.633658151171978e-05,2011 - 2015
alban,1,2.633658151171978e-05,2011 - 2015
pike county,1,2.633658151171978e-05,2011 - 2015
daggett county,1,2.633658151171978e-05,2011 - 2015
the soviet union s military academy,1,2.633658151171978e-05,2011 - 2015
uwe,1,2.633658151171978e-05,2011 - 2015
southeast germany,1,2.633658151171978e-05,2011 - 2015
heilbronn,1,2.633658151171978e-05,2011 - 2015
thuringia,1,2.633658151171978e-05,2011 - 2015
jena,1,2.633658151171978e-05,2011 - 2015
sikh,1,2.633658151171978e-05,2011 - 2015
extradited  ,1,2.633658151171978e-05,2011 - 2015
detainee,1,2.633658151171978e-05,2011 - 2015
kalagush,1,2.633658151171978e-05,2011 - 2015
atlantic beach,1,2.633658151171978e-05,2011 - 2015
charles city,1,2.633658151171978e-05,2011 - 2015
kevlar,1,2.633658151171978e-05,2011 - 2015
susquehanna county,1,2.633658151171978e-05,2011 - 2015
cologne,1,2.633658151171978e-05,2011 - 2015
tirana,1,2.633658151171978e-05,2011 - 2015
kumar,1,2.633658151171978e-05,2011 - 2015
monona county,1,2.633658151171978e-05,2011 - 2015
cedar rapids,1,2.633658151171978e-05,2011 - 2015
iowan,1,2.633658151171978e-05,2011 - 2015
ottumwa,1,2.633658151171978e-05,2011 - 2015
boylston,1,2.633658151171978e-05,2011 - 2015
ghneim,1,2.633658151171978e-05,2011 - 2015
west orange,1,2.633658151171978e-05,2011 - 2015
west orange  ,1,2.633658151171978e-05,2011 - 2015
the united states  eu,1,2.633658151171978e-05,2011 - 2015
san jose mercury,1,2.633658151171978e-05,2011 - 2015
bosnia           ,1,2.633658151171978e-05,2011 - 2015
st  louis  missouri,1,2.633658151171978e-05,2011 - 2015
muhammadiyah,1,2.633658151171978e-05,2011 - 2015
anshorut,1,2.633658151171978e-05,2011 - 2015
s southeast asian,1,2.633658151171978e-05,2011 - 2015
kurtalan,1,2.633658151171978e-05,2011 - 2015
syria germany,1,2.633658151171978e-05,2011 - 2015
anadan,1,2.633658151171978e-05,2011 - 2015
marjaeya,1,2.633658151171978e-05,2011 - 2015
smyrna beach,1,2.633658151171978e-05,2011 - 2015
conn  time,1,2.633658151171978e-05,2011 - 2015
malatya,1,2.633658151171978e-05,2011 - 2015
tria,1,2.633658151171978e-05,2011 - 2015
hizbullah,1,2.633658151171978e-05,2011 - 2015
southeast asians,1,2.633658151171978e-05,2011 - 2015
gwinnett county district,1,2.633658151171978e-05,2011 - 2015
later  york,1,2.633658151171978e-05,2011 - 2015
the united kingdom  germany,1,2.633658151171978e-05,2011 - 2015
central european,1,2.633658151171978e-05,2011 - 2015
afghanisan,1,2.633658151171978e-05,2011 - 2015
messud,1,2.633658151171978e-05,2011 - 2015
netherland,1,2.633658151171978e-05,2011 - 2015
zanesville,1,2.633658151171978e-05,2011 - 2015
conn   school,1,2.633658151171978e-05,2011 - 2015
transoceanic,1,2.633658151171978e-05,2011 - 2015
anglo,1,2.633658151171978e-05,2011 - 2015
molin,1,2.633658151171978e-05,2011 - 2015
north vietnamese,1,2.633658151171978e-05,2011 - 2015
susanville,1,2.633658151171978e-05,2011 - 2015
loudoun county  ,1,2.633658151171978e-05,2011 - 2015
muslim americans,1,2.633658151171978e-05,2011 - 2015
collin county,1,2.633658151171978e-05,2011 - 2015
elk grove village,1,2.633658151171978e-05,2011 - 2015
the egyptian extradited,1,2.633658151171978e-05,2011 - 2015
the iranian american,1,2.633658151171978e-05,2011 - 2015
trex,1,2.633658151171978e-05,2011 - 2015
plaza,1,2.633658151171978e-05,2011 - 2015
boone county,1,2.633658151171978e-05,2011 - 2015
somali american youth,1,2.633658151171978e-05,2011 - 2015
eagle county,1,2.633658151171978e-05,2011 - 2015
the soviet union s red,1,2.633658151171978e-05,2011 - 2015
kensington,1,2.633658151171978e-05,2011 - 2015
jewish american,1,2.633658151171978e-05,2011 - 2015
rego park,1,2.633658151171978e-05,2011 - 2015
zahra kazemi,1,2.633658151171978e-05,2011 - 2015
starrett city,1,2.633658151171978e-05,2011 - 2015
xianjiang,1,2.633658151171978e-05,2011 - 2015
hardin county,1,2.633658151171978e-05,2011 - 2015
laredo,1,2.633658151171978e-05,2011 - 2015
sunnyvale,1,2.633658151171978e-05,2011 - 2015
nigerien,1,2.633658151171978e-05,2011 - 2015
deir el,1,2.633658151171978e-05,2011 - 2015
el zour,1,2.633658151171978e-05,2011 - 2015
roman catholic,1,2.633658151171978e-05,2011 - 2015
marderosian,1,2.633658151171978e-05,2011 - 2015
asiana,1,2.633658151171978e-05,2011 - 2015
martian,1,2.633658151171978e-05,2011 - 2015
san rafael,1,2.633658151171978e-05,2011 - 2015
grand rapids,1,2.633658151171978e-05,2011 - 2015
veracruz,1,2.633658151171978e-05,2011 - 2015
abbeville,1,2.633658151171978e-05,2011 - 2015
watkinsville,1,2.633658151171978e-05,2011 - 2015
walton county,1,2.633658151171978e-05,2011 - 2015
st  edward s university,1,2.633658151171978e-05,2011 - 2015
san jose shark,1,2.633658151171978e-05,2011 - 2015
dedham,1,2.633658151171978e-05,2011 - 2015
northern jawf province,1,2.633658151171978e-05,2011 - 2015
eastern muslim,1,2.633658151171978e-05,2011 - 2015
macdougal,1,2.633658151171978e-05,2011 - 2015
hidta,1,2.633658151171978e-05,2011 - 2015
del rio,1,2.633658151171978e-05,2011 - 2015
yuma,1,2.633658151171978e-05,2011 - 2015
croatia,1,2.633658151171978e-05,2011 - 2015
s nazi,1,2.633658151171978e-05,2011 - 2015
vernon hills,1,2.633658151171978e-05,2011 - 2015
the syrian arab,1,2.633658151171978e-05,2011 - 2015
bingham,1,2.633658151171978e-05,2011 - 2015
mcconaughy,1,2.633658151171978e-05,2011 - 2015
qalat,1,2.633658151171978e-05,2011 - 2015
edonian,1,2.633658151171978e-05,2011 - 2015
tennessean,1,2.633658151171978e-05,2011 - 2015
fort bragg  n,1,2.633658151171978e-05,2011 - 2015
the west coast,1,2.633658151171978e-05,2011 - 2015
west jerusalem,1,2.633658151171978e-05,2011 - 2015
muzaffarabad,1,2.633658151171978e-05,2011 - 2015
west st  to,1,2.633658151171978e-05,2011 - 2015
monmouth county,1,2.633658151171978e-05,2011 - 2015
shamsi,1,2.633658151171978e-05,2011 - 2015
el routes,1,2.633658151171978e-05,2011 - 2015
duisburg,1,2.633658151171978e-05,2011 - 2015
western german city,1,2.633658151171978e-05,2011 - 2015
nev,1,2.633658151171978e-05,2011 - 2015
anesthesia,1,2.633658151171978e-05,2011 - 2015
adrenalin,1,2.633658151171978e-05,2011 - 2015
fort knox,1,2.633658151171978e-05,2011 - 2015
obama  feb           ,1,2.633658151171978e-05,2011 - 2015
piedmont park,1,2.633658151171978e-05,2011 - 2015
newnan,1,2.633658151171978e-05,2011 - 2015
the united states of,1,2.633658151171978e-05,2011 - 2015
karakax county,1,2.633658151171978e-05,2011 - 2015
st  paul park,1,2.633658151171978e-05,2011 - 2015
ehrenfeld,1,2.633658151171978e-05,2011 - 2015
jamila,1,2.633658151171978e-05,2011 - 2015
south asians,1,2.633658151171978e-05,2011 - 2015
rudi,1,2.633658151171978e-05,2011 - 2015
west kalimantan,1,2.633658151171978e-05,2011 - 2015
union county,1,2.633658151171978e-05,2011 - 2015
hirak,1,2.633658151171978e-05,2011 - 2015
durbin,1,2.633658151171978e-05,2011 - 2015
sunni jihadist,1,2.633658151171978e-05,2011 - 2015
halliburton,1,2.633658151171978e-05,2011 - 2015
york,1,2.633658151171978e-05,2011 - 2015
ashtabula,1,2.633658151171978e-05,2011 - 2015
mississippi rep,1,2.633658151171978e-05,2011 - 2015
hama,1,2.633658151171978e-05,2011 - 2015
west  iran,1,2.633658151171978e-05,2011 - 2015
kabir,1,2.633658151171978e-05,2011 - 2015
hilton,1,2.633658151171978e-05,2011 - 2015
sukkur,1,2.633658151171978e-05,2011 - 2015
jccc,1,2.633658151171978e-05,2011 - 2015
iba,1,2.633658151171978e-05,2011 - 2015
hamid,1,2.633658151171978e-05,2011 - 2015
abbottabad,1,2.633658151171978e-05,2011 - 2015
bloomberg view saudi arabia s,1,2.633658151171978e-05,2011 - 2015
barasa,1,2.633658151171978e-05,2011 - 2015
anomaly,1,2.633658151171978e-05,2011 - 2015
kasich,1,2.633658151171978e-05,2011 - 2015
herzeliyah,1,2.633658151171978e-05,2011 - 2015
sunni iraqi,1,2.633658151171978e-05,2011 - 2015
qadri,1,2.633658151171978e-05,2011 - 2015
a southeast asian,1,2.633658151171978e-05,2011 - 2015
east turkestan,1,2.633658151171978e-05,2011 - 2015
forbidden city,1,2.633658151171978e-05,2011 - 2015
moosavi,1,2.633658151171978e-05,2011 - 2015
etowah county,1,2.633658151171978e-05,2011 - 2015
mali engage,1,2.633658151171978e-05,2011 - 2015
armonk,1,2.633658151171978e-05,2011 - 2015
some american muslims,1,2.633658151171978e-05,2011 - 2015
el mahdy,1,2.633658151171978e-05,2011 - 2015
hannan didn,1,2.633658151171978e-05,2011 - 2015
culver city,1,2.633658151171978e-05,2011 - 2015
greensboro,1,2.633658151171978e-05,2011 - 2015
west allegheny,1,2.633658151171978e-05,2011 - 2015
nassau county,1,2.633658151171978e-05,2011 - 2015
strokan,1,2.633658151171978e-05,2011 - 2015
mwenda,1,2.633658151171978e-05,2011 - 2015
fresno city college,1,2.633658151171978e-05,2011 - 2015
horry county,1,2.633658151171978e-05,2011 - 2015
fort worth,1,2.633658151171978e-05,2011 - 2015
umpqua,1,2.633658151171978e-05,2011 - 2015
lynchburg,1,2.633658151171978e-05,2011 - 2015
kristol,1,2.633658151171978e-05,2011 - 2015
managua,1,2.633658151171978e-05,2011 - 2015
dearborn,1,2.633658151171978e-05,2011 - 2015
sharon,1,2.633658151171978e-05,2011 - 2015
latin americans,1,2.633658151171978e-05,2011 - 2015
kasim,1,2.633658151171978e-05,2011 - 2015
kasim reed,1,2.633658151171978e-05,2011 - 2015
kfar,1,2.633658151171978e-05,2011 - 2015
pasadena,1,2.633658151171978e-05,2011 - 2015
ucc,1,2.633658151171978e-05,2011 - 2015
the united arab,1,2.633658151171978e-05,2011 - 2015
zoltan,1,2.633658151171978e-05,2011 - 2015
keleti,1,2.633658151171978e-05,2011 - 2015
triki,1,2.633658151171978e-05,2011 - 2015
el kef  ,1,2.633658151171978e-05,2011 - 2015
bahrami,1,2.633658151171978e-05,2011 - 2015
dharun,1,2.633658151171978e-05,2011 - 2015
singh saini,1,2.633658151171978e-05,2011 - 2015
morton grove,1,2.633658151171978e-05,2011 - 2015
rexton,1,2.633658151171978e-05,2011 - 2015
jaballah,1,2.633658151171978e-05,2011 - 2015
beaumont,1,2.633658151171978e-05,2011 - 2015
fadli,1,2.633658151171978e-05,2011 - 2015
kissena park,1,2.633658151171978e-05,2011 - 2015
alabama  ,1,2.633658151171978e-05,2011 - 2015
xenophobia,1,2.633658151171978e-05,2011 - 2015
san luis,1,2.633658151171978e-05,2011 - 2015
howard county,1,2.633658151171978e-05,2011 - 2015
bastille,1,2.633658151171978e-05,2011 - 2015
oak brook  jason,1,2.633658151171978e-05,2011 - 2015
the united states  australia,1,2.633658151171978e-05,2011 - 2015
illuminati,1,2.633658151171978e-05,2011 - 2015
mohommod,1,2.633658151171978e-05,2011 - 2015
no non muslim,1,2.633658151171978e-05,2011 - 2015
syracuse,1,2.633658151171978e-05,2011 - 2015
bakersfield,1,2.633658151171978e-05,2011 - 2015
n  ,1,2.633658151171978e-05,2011 - 2015
huron county,1,2.633658151171978e-05,2011 - 2015
christian muslim,1,2.633658151171978e-05,2011 - 2015
jemmah anshorut,1,2.633658151171978e-05,2011 - 2015
norwich  ,1,2.633658151171978e-05,2011 - 2015
karem,1,2.633658151171978e-05,2011 - 2015
the  united states,1,2.633658151171978e-05,2011 - 2015
eastasia,1,2.633658151171978e-05,2011 - 2015
irving,1,2.633658151171978e-05,2011 - 2015
dekalb county,1,2.633658151171978e-05,2011 - 2015
tokguawa,1,2.633658151171978e-05,2011 - 2015
wevan,1,2.633658151171978e-05,2011 - 2015
las vegas  ,1,2.633658151171978e-05,2011 - 2015
las vegas strip,1,2.633658151171978e-05,2011 - 2015
the south carolina,1,2.633658151171978e-05,2011 - 2015
kurzman,1,2.633658151171978e-05,2011 - 2015
apalestinian,1,2.633658151171978e-05,2011 - 2015
qaddafi,1,2.633658151171978e-05,2011 - 2015
irish american,1,2.633658151171978e-05,2011 - 2015
brett,1,2.633658151171978e-05,2011 - 2015
al anbar,1,2.633658151171978e-05,2011 - 2015
americanese,1,2.633658151171978e-05,2011 - 2015
muddy village,1,2.633658151171978e-05,2011 - 2015
waltham,1,2.633658151171978e-05,2011 - 2015
bonn,1,2.633658151171978e-05,2011 - 2015
east  anne w  patterson  will,1,2.633658151171978e-05,2011 - 2015
zermatt,1,2.633658151171978e-05,2011 - 2015
astrid,1,2.633658151171978e-05,2011 - 2015
newbury,1,2.633658151171978e-05,2011 - 2015
quillian,1,2.633658151171978e-05,2011 - 2015
hoa,1,2.633658151171978e-05,2011 - 2015
ariana,1,2.633658151171978e-05,2011 - 2015
broward county,1,2.633658151171978e-05,2011 - 2015
abudayyeh,1,2.633658151171978e-05,2011 - 2015
texas city,1,2.633658151171978e-05,2011 - 2015
obilana,1,2.633658151171978e-05,2011 - 2015
faudem,1,2.633658151171978e-05,2011 - 2015
al arab,1,2.633658151171978e-05,2011 - 2015
mandarin chinese,1,2.633658151171978e-05,2011 - 2015
namur province,1,2.633658151171978e-05,2011 - 2015
namur,1,2.633658151171978e-05,2011 - 2015
indochina,1,2.633658151171978e-05,2011 - 2015
kashmiri,1,2.633658151171978e-05,2011 - 2015
africa libyan,1,2.633658151171978e-05,2011 - 2015
shabwa,1,2.633658151171978e-05,2011 - 2015
sarajevo  bosnia herzegovina,1,2.633658151171978e-05,2011 - 2015
bosnia herzegovina,1,2.633658151171978e-05,2011 - 2015
essen  germany,1,2.633658151171978e-05,2011 - 2015
pp,1,2.633658151171978e-05,2011 - 2015
romulu,1,2.633658151171978e-05,2011 - 2015
therese,1,2.633658151171978e-05,2011 - 2015
northwestern africa,1,2.633658151171978e-05,2011 - 2015
cillian,1,2.633658151171978e-05,2011 - 2015
non syrian,1,2.633658151171978e-05,2011 - 2015
aksu,1,2.633658151171978e-05,2011 - 2015
souri,1,2.633658151171978e-05,2011 - 2015
khost province,1,2.633658151171978e-05,2011 - 2015
congolese,1,2.633658151171978e-05,2011 - 2015
the democratic republic of congo,1,2.633658151171978e-05,2011 - 2015
los angeles street,1,2.633658151171978e-05,2011 - 2015
miami county,1,2.633658151171978e-05,2011 - 2015
coudersport,1,2.633658151171978e-05,2011 - 2015
the united states coast guard academy,1,2.633658151171978e-05,2011 - 2015
shot york,1,2.633658151171978e-05,2011 - 2015
fort stewart,1,2.633658151171978e-05,2011 - 2015
nicholas york,1,2.633658151171978e-05,2011 - 2015
ghanzi city,1,2.633658151171978e-05,2011 - 2015
wwii,1,2.633658151171978e-05,2011 - 2015
eureka,1,2.633658151171978e-05,2011 - 2015
richardson,1,2.633658151171978e-05,2011 - 2015
hhh,1,2.633658151171978e-05,2011 - 2015
henry  korea,1,2.633658151171978e-05,2011 - 2015
a south african,1,2.633658151171978e-05,2011 - 2015
taunton,1,2.633658151171978e-05,2011 - 2015
tsarnaev  u s,1,2.633658151171978e-05,2011 - 2015
smith,1,2.633658151171978e-05,2011 - 2015
greek syrian,1,2.633658151171978e-05,2011 - 2015
hodakov,1,2.633658151171978e-05,2011 - 2015
san lorenzo  ,1,2.633658151171978e-05,2011 - 2015
west africa  ,1,2.633658151171978e-05,2011 - 2015
salem,1,2.633658151171978e-05,2011 - 2015
lasalle,1,2.633658151171978e-05,2011 - 2015
nyala,1,2.633658151171978e-05,2011 - 2015
lexington township zombie fantasy,1,2.633658151171978e-05,2011 - 2015
british virgin,1,2.633658151171978e-05,2011 - 2015
minetta,1,2.633658151171978e-05,2011 - 2015
park ridge,1,2.633658151171978e-05,2011 - 2015
bogota,1,2.633658151171978e-05,2011 - 2015
the gaza war,1,2.633658151171978e-05,2011 - 2015
kunar province,1,2.633658151171978e-05,2011 - 2015
ellenburg,1,2.633658151171978e-05,2011 - 2015
the united states census bureau,1,2.633658151171978e-05,2011 - 2015
schuylkill county,1,2.633658151171978e-05,2011 - 2015
badakhshan province,1,2.633658151171978e-05,2011 - 2015
multnomah county,1,2.633658151171978e-05,2011 - 2015
lottsburg,1,2.633658151171978e-05,2011 - 2015
morganville,1,2.633658151171978e-05,2011 - 2015
morristown,1,2.633658151171978e-05,2011 - 2015
bamako,1,2.633658151171978e-05,2011 - 2015
stockton  ,1,2.633658151171978e-05,2011 - 2015
carolina,1,2.633658151171978e-05,2011 - 2015
rowan county,1,2.633658151171978e-05,2011 - 2015
wiba,1,2.633658151171978e-05,2011 - 2015
mineola,1,2.633658151171978e-05,2011 - 2015
vancouver,1,2.633658151171978e-05,2011 - 2015
los angeles           ,1,2.633658151171978e-05,2011 - 2015
darna,1,2.633658151171978e-05,2011 - 2015
villa rica  colombia,1,2.633658151171978e-05,2011 - 2015
cali,1,2.633658151171978e-05,2011 - 2015
amnesia,1,2.633658151171978e-05,2011 - 2015
kennth,1,2.633658151171978e-05,2011 - 2015
karpov,1,2.633658151171978e-05,2011 - 2015
the united kingdom  germany  ,1,2.633658151171978e-05,2011 - 2015
antalya,1,2.633658151171978e-05,2011 - 2015
south park,1,2.633658151171978e-05,2011 - 2015
lackawanna,1,2.633658151171978e-05,2011 - 2015
northern nigeria,1,2.633658151171978e-05,2011 - 2015
indian pakistani,1,2.633658151171978e-05,2011 - 2015
watson,1,2.633658151171978e-05,2011 - 2015
rockville,1,2.633658151171978e-05,2011 - 2015
latham,1,2.633658151171978e-05,2011 - 2015
kyrgyzstan  turkey,1,2.633658151171978e-05,2011 - 2015
the gaza warl,1,2.633658151171978e-05,2011 - 2015
placerville,1,2.633658151171978e-05,2011 - 2015
the united states forest service institute,1,2.633658151171978e-05,2011 - 2015
smith county  kan   ,1,2.633658151171978e-05,2011 - 2015
madisonian,1,2.633658151171978e-05,2011 - 2015
aleutian,1,2.633658151171978e-05,2011 - 2015
hobart,1,2.633658151171978e-05,2011 - 2015
l houssaine,1,2.633658151171978e-05,2011 - 2015
kargil,1,2.633658151171978e-05,2011 - 2015
balad,1,2.633658151171978e-05,2011 - 2015
po,1,2.633658151171978e-05,2011 - 2015
transcriptswire,1,2.633658151171978e-05,2011 - 2015
samara,1,2.633658151171978e-05,2011 - 2015
changsha,1,2.633658151171978e-05,2011 - 2015
guangzhou,1,2.633658151171978e-05,2011 - 2015
hangzhou,1,2.633658151171978e-05,2011 - 2015
hypochondria,1,2.633658151171978e-05,2011 - 2015
fatli,1,2.633658151171978e-05,2011 - 2015
tiba fatli,1,2.633658151171978e-05,2011 - 2015
the aceh military training,1,2.633658151171978e-05,2011 - 2015
metro,1,2.633658151171978e-05,2011 - 2015
grozy,1,2.633658151171978e-05,2011 - 2015
a pakistani,1,2.633658151171978e-05,2011 - 2015
fashionista,1,2.633658151171978e-05,2011 - 2015
wushi,1,2.633658151171978e-05,2011 - 2015
s sunni muslim,1,2.633658151171978e-05,2011 - 2015
uchturpan,1,2.633658151171978e-05,2011 - 2015
songhai,1,2.633658151171978e-05,2011 - 2015
san mateo county,1,2.633658151171978e-05,2011 - 2015
mousavian,1,2.633658151171978e-05,2011 - 2015
puglia,1,2.633658151171978e-05,2011 - 2015
nashua  n,1,2.633658151171978e-05,2011 - 2015
mideast muslim,1,2.633658151171978e-05,2011 - 2015
asia indian,1,2.633658151171978e-05,2011 - 2015
williams county,1,2.633658151171978e-05,2011 - 2015
rancho cucamonga,1,2.633658151171978e-05,2011 - 2015
guayanese,1,2.633658151171978e-05,2011 - 2015
jon kern s,1,2.633658151171978e-05,2011 - 2015
poulin,1,2.633658151171978e-05,2011 - 2015
mclaughlin,1,2.633658151171978e-05,2011 - 2015
klan,1,2.633658151171978e-05,2011 - 2015
dharamsala,1,2.633658151171978e-05,2011 - 2015
seal beach,1,2.633658151171978e-05,2011 - 2015
hanoi,1,2.633658151171978e-05,2011 - 2015
sichuan province,1,2.633658151171978e-05,2011 - 2015
abu dhabi  riyadh,1,2.633658151171978e-05,2011 - 2015
phuket,1,2.633658151171978e-05,2011 - 2015
eli lake,1,2.633658151171978e-05,2011 - 2015
south jefferson,1,2.633658151171978e-05,2011 - 2015
salisbury,1,2.633658151171978e-05,2011 - 2015
el kebir,1,2.633658151171978e-05,2011 - 2015
belgium  ,1,2.633658151171978e-05,2011 - 2015
ethopian,1,2.633658151171978e-05,2011 - 2015
persian arab,1,2.633658151171978e-05,2011 - 2015
basra province,1,2.633658151171978e-05,2011 - 2015
madeline island,1,2.633658151171978e-05,2011 - 2015
monterey,1,2.633658151171978e-05,2011 - 2015
pansieri,1,2.633658151171978e-05,2011 - 2015
yuan,1,2.633658151171978e-05,2011 - 2015
khost city,1,2.633658151171978e-05,2011 - 2015
freeman,1,2.633658151171978e-05,2011 - 2015
russian jewish,1,2.633658151171978e-05,2011 - 2015
comanche,1,2.633658151171978e-05,2011 - 2015
the united kingdom  canada  australia,1,2.633658151171978e-05,2011 - 2015
jayvee,1,2.633658151171978e-05,2011 - 2015
northwestern city,1,2.633658151171978e-05,2011 - 2015
ksenia,1,2.633658151171978e-05,2011 - 2015
ewan,1,2.633658151171978e-05,2011 - 2015
sunni tribal,1,2.633658151171978e-05,2011 - 2015
la raza,1,2.633658151171978e-05,2011 - 2015
westernmost aceh province,1,2.633658151171978e-05,2011 - 2015
el hussein s,1,2.633658151171978e-05,2011 - 2015
khost,1,2.633658151171978e-05,2011 - 2015
kleiman,1,2.633658151171978e-05,2011 - 2015
central jewish,1,2.633658151171978e-05,2011 - 2015
mezgouri,1,2.633658151171978e-05,2011 - 2015
lakhani,1,2.633658151171978e-05,2011 - 2015
the dominican republic  pimentel,1,2.633658151171978e-05,2011 - 2015
moyne,1,2.633658151171978e-05,2011 - 2015
ncci,1,2.633658151171978e-05,2011 - 2015
north ireland,1,2.633658151171978e-05,2011 - 2015
alsubaie,1,2.633658151171978e-05,2011 - 2015
west st  louis county,1,2.633658151171978e-05,2011 - 2015
pikesville,1,2.633658151171978e-05,2011 - 2015
kampala,1,2.633658151171978e-05,2011 - 2015
schmid,1,2.633658151171978e-05,2011 - 2015
erdogan,1,2.633658151171978e-05,2011 - 2015
concord,1,2.633658151171978e-05,2011 - 2015
eli,1,2.633658151171978e-05,2011 - 2015
tevlin,1,2.633658151171978e-05,2011 - 2015
the united states coast guard,1,2.633658151171978e-05,2011 - 2015
khatib,1,2.633658151171978e-05,2011 - 2015
londonistan,1,2.633658151171978e-05,2011 - 2015
quotidien,1,2.633658151171978e-05,2011 - 2015
hadassah,1,2.633658151171978e-05,2011 - 2015
macon county,1,2.633658151171978e-05,2011 - 2015
waco,1,2.633658151171978e-05,2011 - 2015
corps,1,2.633658151171978e-05,2011 - 2015
marine,1,2.633658151171978e-05,2011 - 2015
mccaw,1,2.633658151171978e-05,2011 - 2015
islamophobia,1,2.633658151171978e-05,2011 - 2015
kavarna,1,2.633658151171978e-05,2011 - 2015
san benito,1,2.633658151171978e-05,2011 - 2015
harlingen,1,2.633658151171978e-05,2011 - 2015
benito,1,2.633658151171978e-05,2011 - 2015
edwardsville,1,2.633658151171978e-05,2011 - 2015
eastern islamist,1,2.633658151171978e-05,2011 - 2015
merah,1,2.633658151171978e-05,2011 - 2015
quebec city,1,2.633658151171978e-05,2011 - 2015
rodeo,1,2.633658151171978e-05,2011 - 2015
the israel gaza,1,2.633658151171978e-05,2011 - 2015
oklahoma county,1,2.633658151171978e-05,2011 - 2015
addis ababa  ,1,2.633658151171978e-05,2011 - 2015
jordan  united,1,2.633658151171978e-05,2011 - 2015
st  peter s basilica,1,2.633658151171978e-05,2011 - 2015
eastern jerusalem,1,2.633658151171978e-05,2011 - 2015
bethesda,1,2.633658151171978e-05,2011 - 2015
lahore,1,2.633658151171978e-05,2011 - 2015
queensland,1,2.633658151171978e-05,2011 - 2015
utah county,1,2.633658151171978e-05,2011 - 2015
coast city,1,2.633658151171978e-05,2011 - 2015
nev   ,1,2.633658151171978e-05,2011 - 2015
kuffar,1,2.633658151171978e-05,2011 - 2015
sandinista,1,2.633658151171978e-05,2011 - 2015
miami expressway,1,2.633658151171978e-05,2011 - 2015
bavarian,1,2.633658151171978e-05,2011 - 2015
hollywood,1,2.633658151171978e-05,2011 - 2015
tel aviv beach,1,2.633658151171978e-05,2011 - 2015
potrerillo,1,2.633658151171978e-05,2011 - 2015
s germany,1,2.633658151171978e-05,2011 - 2015
sonoma county,1,2.633658151171978e-05,2011 - 2015
kiera,1,2.633658151171978e-05,2011 - 2015
krizzia,1,2.633658151171978e-05,2011 - 2015
egalitarian,1,2.633658151171978e-05,2011 - 2015
afsha,1,2.633658151171978e-05,2011 - 2015
tacoma,1,2.633658151171978e-05,2011 - 2015
soviet s ak   s,1,2.633658151171978e-05,2011 - 2015
australian muslim,1,2.633658151171978e-05,2011 - 2015
ukraine  ,1,2.633658151171978e-05,2011 - 2015
west africans,1,2.633658151171978e-05,2011 - 2015
olaf,1,2.633658151171978e-05,2011 - 2015
duran,1,2.633658151171978e-05,2011 - 2015
fayetteville,1,2.633658151171978e-05,2011 - 2015
parris island,1,2.633658151171978e-05,2011 - 2015
bolivia,1,2.633658151171978e-05,2011 - 2015
st  paul cap de joux,1,2.633658151171978e-05,2011 - 2015
la vancelle  ,1,2.633658151171978e-05,2011 - 2015
europe france,1,2.633658151171978e-05,2011 - 2015
persian empire,1,2.633658151171978e-05,2011 - 2015
armenia,1,2.633658151171978e-05,2011 - 2015
kahanist,1,2.633658151171978e-05,2011 - 2015
syriachinese,1,2.633658151171978e-05,2011 - 2015
hispania,1,2.633658151171978e-05,2011 - 2015
santamaria,1,2.633658151171978e-05,2011 - 2015
east german,1,2.633658151171978e-05,2011 - 2015
aaronson,1,2.633658151171978e-05,2011 - 2015
lawton,1,2.633658151171978e-05,2011 - 2015
khadja,1,2.633658151171978e-05,2011 - 2015
anouzla,1,2.633658151171978e-05,2011 - 2015
red bluff,1,2.633658151171978e-05,2011 - 2015
kalispell,1,2.633658151171978e-05,2011 - 2015
suffolk county,1,2.633658151171978e-05,2011 - 2015
alabama  tennessee  south carolina,1,2.633658151171978e-05,2011 - 2015
rada,1,2.633658151171978e-05,2011 - 2015
haddad,1,2.633658151171978e-05,2011 - 2015
hadi,1,2.633658151171978e-05,2011 - 2015
thurston county,1,2.633658151171978e-05,2011 - 2015
the central african republic,1,2.633658151171978e-05,2011 - 2015
obongo,1,2.633658151171978e-05,2011 - 2015
the las vegas strip,1,2.633658151171978e-05,2011 - 2015
king county,1,2.633658151171978e-05,2011 - 2015
mississippian,1,2.633658151171978e-05,2011 - 2015
clark county superior court,1,2.633658151171978e-05,2011 - 2015
new york   ,1,2.633658151171978e-05,2011 - 2015
museveni,1,2.633658151171978e-05,2011 - 2015
ontario  bordeleau,1,2.633658151171978e-05,2011 - 2015
northwest africa east,1,2.633658151171978e-05,2011 - 2015
sussex county,1,2.633658151171978e-05,2011 - 2015
la crosse,1,2.633658151171978e-05,2011 - 2015
illegal west bank,1,2.633658151171978e-05,2011 - 2015
the united states  america,1,2.633658151171978e-05,2011 - 2015
jslobodzian,1,2.633658151171978e-05,2011 - 2015
denver city,1,2.633658151171978e-05,2011 - 2015
kellogg,1,2.633658151171978e-05,2011 - 2015
lewiston,1,2.633658151171978e-05,2011 - 2015
winston salem  n,1,2.633658151171978e-05,2011 - 2015
cristian,1,2.633658151171978e-05,2011 - 2015
the gaza strip  ,1,2.633658151171978e-05,2011 - 2015
argentinian jewish,1,2.633658151171978e-05,2011 - 2015
fitchburg,1,2.633658151171978e-05,2011 - 2015
park city,1,2.633658151171978e-05,2011 - 2015
cupertino,1,2.633658151171978e-05,2011 - 2015
janesville,1,2.633658151171978e-05,2011 - 2015
america rock,1,2.633658151171978e-05,2011 - 2015
kupchan,1,2.633658151171978e-05,2011 - 2015
eyragon,1,2.633658151171978e-05,2011 - 2015
iguala,1,2.633658151171978e-05,2011 - 2015
seldon,1,2.633658151171978e-05,2011 - 2015
pakistan  africa,1,2.633658151171978e-05,2011 - 2015
costa rican,1,2.633658151171978e-05,2011 - 2015
tobey,1,2.633658151171978e-05,2011 - 2015
the united kingdom s,1,2.633658151171978e-05,2011 - 2015
sichuan,1,2.633658151171978e-05,2011 - 2015
pakistan html,1,2.633658151171978e-05,2011 - 2015
kennan,1,2.633658151171978e-05,2011 - 2015
western germany,1,2.633658151171978e-05,2011 - 2015
bosnia    ,1,2.633658151171978e-05,2011 - 2015
astana,1,2.633658151171978e-05,2011 - 2015
ross park,1,2.633658151171978e-05,2011 - 2015
warrington,1,2.633658151171978e-05,2011 - 2015
johnston  rhode island,1,2.633658151171978e-05,2011 - 2015
puerto,1,2.633658151171978e-05,2011 - 2015
roland,1,2.633658151171978e-05,2011 - 2015
bay city,1,2.633658151171978e-05,2011 - 2015
caucasian,1,2.633658151171978e-05,2011 - 2015
rubio,1,2.633658151171978e-05,2011 - 2015
shurat,1,2.633658151171978e-05,2011 - 2015
west miami,1,2.633658151171978e-05,2011 - 2015
nan province,1,2.633658151171978e-05,2011 - 2015
east asian,1,2.633658151171978e-05,2011 - 2015
kern,1,2.633658151171978e-05,2011 - 2015
darwinian,1,2.633658151171978e-05,2011 - 2015
stockton,1,2.633658151171978e-05,2011 - 2015
acampo,1,2.633658151171978e-05,2011 - 2015
elmendorf,1,2.633658151171978e-05,2011 - 2015
niger  nigeria,1,2.633658151171978e-05,2011 - 2015
mo,1,2.633658151171978e-05,2011 - 2015
guatemala city,1,2.633658151171978e-05,2011 - 2015
kinshasa,1,2.633658151171978e-05,2011 - 2015
mexico city s,1,2.633658151171978e-05,2011 - 2015
yukawa,1,2.633658151171978e-05,2011 - 2015
psta,1,2.633658151171978e-05,2011 - 2015
presbyterian,1,2.633658151171978e-05,2011 - 2015
st  paul  u s  magistrate,1,2.633658151171978e-05,2011 - 2015
dnipropetrovsk,1,2.633658151171978e-05,2011 - 2015
jiddah,1,2.633658151171978e-05,2011 - 2015
mecca  medina,1,2.633658151171978e-05,2011 - 2015
lindbergh,1,2.633658151171978e-05,2011 - 2015
qissa khawani,1,2.633658151171978e-05,2011 - 2015
dean,1,2.633658151171978e-05,2011 - 2015
milton,1,2.633658151171978e-05,2011 - 2015
north africa  yemen,1,2.633658151171978e-05,2011 - 2015
cherokee county,1,2.633658151171978e-05,2011 - 2015
minneapolis st  paul,1,2.633658151171978e-05,2011 - 2015
lawrenceville,1,2.633658151171978e-05,2011 - 2015
burka,1,2.633658151171978e-05,2011 - 2015
tian,1,2.633658151171978e-05,2011 - 2015
egyptian muslim,1,2.633658151171978e-05,2011 - 2015
carmichael  ,1,2.633658151171978e-05,2011 - 2015
peoria,1,2.633658151171978e-05,2011 - 2015
non russians,1,2.633658151171978e-05,2011 - 2015
maryville,1,2.633658151171978e-05,2011 - 2015
u   columbia,1,2.633658151171978e-05,2011 - 2015
zine el,1,2.633658151171978e-05,2011 - 2015
shabwa province,1,2.633658151171978e-05,2011 - 2015
kong,1,2.633658151171978e-05,2011 - 2015
johnston,1,2.633658151171978e-05,2011 - 2015
usa tournamentshuttlesworth,1,2.633658151171978e-05,2011 - 2015
echr,1,2.633658151171978e-05,2011 - 2015
sunni islam,1,2.633658151171978e-05,2011 - 2015
yoong,1,2.633658151171978e-05,2011 - 2015
cuiaba,1,2.633658151171978e-05,2011 - 2015
heliopolis district,1,2.633658151171978e-05,2011 - 2015
africa britain,1,2.633658151171978e-05,2011 - 2015
la cosa,1,2.633658151171978e-05,2011 - 2015
non jewish,1,2.633658151171978e-05,2011 - 2015
harden,1,2.633658151171978e-05,2011 - 2015
yarrrh,1,2.633658151171978e-05,2011 - 2015
kibera,1,2.633658151171978e-05,2011 - 2015
british muslims  three,1,2.633658151171978e-05,2011 - 2015
east  west,1,2.633658151171978e-05,2011 - 2015
newham,1,2.633658151171978e-05,2011 - 2015
talbot,1,2.633658151171978e-05,2011 - 2015
jan willem van kuilenburg,1,2.633658151171978e-05,2011 - 2015
speedo,1,2.633658151171978e-05,2011 - 2015
santa rosa,1,2.633658151171978e-05,2011 - 2015
krystalgade,1,2.633658151171978e-05,2011 - 2015
guatamala,1,2.633658151171978e-05,2011 - 2015
indian american,1,2.633658151171978e-05,2011 - 2015
kanye,1,2.633658151171978e-05,2011 - 2015
guyana,1,2.633658151171978e-05,2011 - 2015
juan,1,2.633658151171978e-05,2011 - 2015
ann arbor,1,2.633658151171978e-05,2011 - 2015
st  louis  mo   load date  ,1,2.633658151171978e-05,2011 - 2015
joplin,1,2.633658151171978e-05,2011 - 2015
austria  germany,1,2.633658151171978e-05,2011 - 2015
baku,1,2.633658151171978e-05,2011 - 2015
soda,1,2.633658151171978e-05,2011 - 2015
wellesley,1,2.633658151171978e-05,2011 - 2015
bergen county,1,2.633658151171978e-05,2011 - 2015
walton beach  ,1,2.633658151171978e-05,2011 - 2015
montgomery county s,1,2.633658151171978e-05,2011 - 2015
nikki,1,2.633658151171978e-05,2011 - 2015
plainville,1,2.633658151171978e-05,2011 - 2015
un american,1,2.633658151171978e-05,2011 - 2015
kirkuk,1,2.633658151171978e-05,2011 - 2015
el mamoun,1,2.633658151171978e-05,2011 - 2015
zoroastrian,1,2.633658151171978e-05,2011 - 2015
ukraine s,1,2.633658151171978e-05,2011 - 2015
turley,1,2.633658151171978e-05,2011 - 2015
buhari,1,2.633658151171978e-05,2011 - 2015
ma,1,2.633658151171978e-05,2011 - 2015
antalya  turkey,1,2.633658151171978e-05,2011 - 2015
santa barbara,1,2.633658151171978e-05,2011 - 2015
prescott,1,2.633658151171978e-05,2011 - 2015
hyde,1,2.633658151171978e-05,2011 - 2015
crimea,1,2.633658151171978e-05,2011 - 2015
kassem,1,2.633658151171978e-05,2011 - 2015
parisi,1,2.633658151171978e-05,2011 - 2015
ark  omar,1,2.633658151171978e-05,2011 - 2015
laguna beach  ,1,2.633658151171978e-05,2011 - 2015
jesuiscouliba,1,2.633658151171978e-05,2011 - 2015
hazem,1,2.633658151171978e-05,2011 - 2015
truly united  free,1,2.633658151171978e-05,2011 - 2015
katharine,1,2.633658151171978e-05,2011 - 2015
al bubali,1,2.633658151171978e-05,2011 - 2015
the united states  europe,1,2.633658151171978e-05,2011 - 2015
san jose  ,1,2.633658151171978e-05,2011 - 2015
minn   ,1,2.633658151171978e-05,2011 - 2015
nassirnia,1,2.633658151171978e-05,2011 - 2015
miami  ,1,2.633658151171978e-05,2011 - 2015
turkish german,1,2.633658151171978e-05,2011 - 2015
every muslim american,1,2.633658151171978e-05,2011 - 2015
nuremberg,1,2.633658151171978e-05,2011 - 2015
cambria county,1,2.633658151171978e-05,2011 - 2015
jafri,1,2.633658151171978e-05,2011 - 2015
jnapsha tribweb,1,2.633658151171978e-05,2011 - 2015
marsh plaza,1,2.633658151171978e-05,2011 - 2015
jordan  india,1,2.633658151171978e-05,2011 - 2015
kamistan,1,2.633658151171978e-05,2011 - 2015
natan,1,2.633658151171978e-05,2011 - 2015
beit el,1,2.633658151171978e-05,2011 - 2015
ankara  turkey  ,1,2.633658151171978e-05,2011 - 2015
houdesheldt,1,2.633658151171978e-05,2011 - 2015
s aceh,1,2.633658151171978e-05,2011 - 2015
alachua county,1,2.633658151171978e-05,2011 - 2015
bagram,1,2.633658151171978e-05,2011 - 2015
santa clara,1,2.633658151171978e-05,2011 - 2015
st  cloud  ,1,2.633658151171978e-05,2011 - 2015
osceola county,1,2.633658151171978e-05,2011 - 2015
beltran,1,2.633658151171978e-05,2011 - 2015
hanna,1,2.633658151171978e-05,2011 - 2015
new york city street,1,2.633658151171978e-05,2011 - 2015
edison,1,2.633658151171978e-05,2011 - 2015
south philadelphia,1,2.633658151171978e-05,2011 - 2015
akron,1,2.633658151171978e-05,2011 - 2015
asia indonesian,1,2.633658151171978e-05,2011 - 2015
west java province,1,2.633658151171978e-05,2011 - 2015
sumbawa island,1,2.633658151171978e-05,2011 - 2015
sutton,1,2.633658151171978e-05,2011 - 2015
obese,1,2.633658151171978e-05,2011 - 2015
powhatan,1,2.633658151171978e-05,2011 - 2015
kiriakou,1,2.633658151171978e-05,2011 - 2015
kardashian,1,2.633658151171978e-05,2011 - 2015
wellington,1,2.633658151171978e-05,2011 - 2015
kazemi,1,2.633658151171978e-05,2011 - 2015
salt lake airport,1,2.633658151171978e-05,2011 - 2015
alfortville,1,2.633658151171978e-05,2011 - 2015
kobe,1,2.633658151171978e-05,2011 - 2015
sans,1,2.633658151171978e-05,2011 - 2015
tempora,1,2.633658151171978e-05,2011 - 2015
cityofboston,1,2.633658151171978e-05,2011 - 2015
casa,1,2.633658151171978e-05,2011 - 2015
krina,1,2.633658151171978e-05,2011 - 2015
yeonpyeong,1,2.633658151171978e-05,2011 - 2015
puntland,1,2.633658151171978e-05,2011 - 2015
el paso county,1,2.633658151171978e-05,2011 - 2015
mali city,1,2.633658151171978e-05,2011 - 2015
south africa s truth,1,2.633658151171978e-05,2011 - 2015
a south korean,1,2.633658151171978e-05,2011 - 2015
md   oct           ,1,2.633658151171978e-05,2011 - 2015
east earl,1,2.633658151171978e-05,2011 - 2015
demonstrationg,1,2.633658151171978e-05,2011 - 2015
palm beach,1,2.633658151171978e-05,2011 - 2015
motar,1,2.633658151171978e-05,2011 - 2015
winnebago county  dennis lolli,1,2.633658151171978e-05,2011 - 2015
lavonia,1,2.633658151171978e-05,2011 - 2015
meese,1,2.633658151171978e-05,2011 - 2015
ankara  turkey,1,2.633658151171978e-05,2011 - 2015
jaramana,1,2.633658151171978e-05,2011 - 2015
jefferson,1,2.633658151171978e-05,2011 - 2015
jefferson   ,1,2.633658151171978e-05,2011 - 2015
the chechen republic  ,1,2.633658151171978e-05,2011 - 2015
fukuyama,1,2.633658151171978e-05,2011 - 2015
pro palestinian,1,2.633658151171978e-05,2011 - 2015
western african,1,2.633658151171978e-05,2011 - 2015
gulf arab,1,2.633658151171978e-05,2011 - 2015
okanogan county,1,2.633658151171978e-05,2011 - 2015
saudi arabia   ,1,2.633658151171978e-05,2011 - 2015
guyanese,1,2.633658151171978e-05,2011 - 2015
douglas,1,2.633658151171978e-05,2011 - 2015
pakistan              ,1,2.633658151171978e-05,2011 - 2015
illinois village,1,2.633658151171978e-05,2011 - 2015
matsumoto,1,2.633658151171978e-05,2011 - 2015
the republic of korea,1,2.633658151171978e-05,2011 - 2015
dritan  eljvir,1,2.633658151171978e-05,2011 - 2015
recent united states,1,2.633658151171978e-05,2011 - 2015
a jordanian american,1,2.633658151171978e-05,2011 - 2015
woodland hills,1,2.633658151171978e-05,2011 - 2015
tsarnaev invokes,1,2.633658151171978e-05,2011 - 2015
ali columbia heights,1,2.633658151171978e-05,2011 - 2015
sentsov,1,2.633658151171978e-05,2011 - 2015
winston salem  ,1,2.633658151171978e-05,2011 - 2015
utrecht,1,2.633658151171978e-05,2011 - 2015
halima,1,2.633658151171978e-05,2011 - 2015
bawden,1,2.633658151171978e-05,2011 - 2015
anti american jihadist,1,2.633658151171978e-05,2011 - 2015
mason county,1,2.633658151171978e-05,2011 - 2015
tempe beach park,1,2.633658151171978e-05,2011 - 2015
ann arbor  ,1,2.633658151171978e-05,2011 - 2015
liban,1,2.633658151171978e-05,2011 - 2015
john,1,2.633658151171978e-05,2011 - 2015
montgomery county s  jihad,1,2.633658151171978e-05,2011 - 2015
damache,1,2.633658151171978e-05,2011 - 2015
new york yankees,1,2.633658151171978e-05,2011 - 2015
mianfawadshah,1,2.633658151171978e-05,2011 - 2015
anderson county  s,1,2.633658151171978e-05,2011 - 2015
la county,1,2.633658151171978e-05,2011 - 2015
western afghan,1,2.633658151171978e-05,2011 - 2015
firsthand,1,2.633658151171978e-05,2011 - 2015
livingston county,1,2.633658151171978e-05,2011 - 2015
chaiseng,1,2.633658151171978e-05,2011 - 2015
meecham,1,2.633658151171978e-05,2011 - 2015
tblisi,1,2.633658151171978e-05,2011 - 2015
central african republic  ,1,2.633658151171978e-05,2011 - 2015
sunni islamist,1,2.633658151171978e-05,2011 - 2015
paulin,1,2.633658151171978e-05,2011 - 2015
manhattan subway,1,2.633658151171978e-05,2011 - 2015
leadville,1,2.633658151171978e-05,2011 - 2015
north africa  east africa,1,2.633658151171978e-05,2011 - 2015
sharm el sheikh  ,1,2.633658151171978e-05,2011 - 2015
yogyakarta,1,2.633658151171978e-05,2011 - 2015
karnavian,1,2.633658151171978e-05,2011 - 2015
sharm el sheikh,1,2.633658151171978e-05,2011 - 2015
pavlovian,1,2.633658151171978e-05,2011 - 2015
postwar germany,1,2.633658151171978e-05,2011 - 2015
appellee kingdom,1,2.633658151171978e-05,2011 - 2015
oakland county,1,2.633658151171978e-05,2011 - 2015
randolph county,1,2.633658151171978e-05,2011 - 2015
rotunda,1,2.633658151171978e-05,2011 - 2015
pedraza,1,2.633658151171978e-05,2011 - 2015
highland park  ,1,2.633658151171978e-05,2011 - 2015
the gaza,1,2.633658151171978e-05,2011 - 2015
lifton,1,2.633658151171978e-05,2011 - 2015
hailey,1,2.633658151171978e-05,2011 - 2015
wvsp,1,2.633658151171978e-05,2011 - 2015
santa clara county,1,2.633658151171978e-05,2011 - 2015
munich   ,1,2.633658151171978e-05,2011 - 2015
hama province,1,2.633658151171978e-05,2011 - 2015
indian muslim,1,2.633658151171978e-05,2011 - 2015
simi,1,2.633658151171978e-05,2011 - 2015
fremont,1,2.633658151171978e-05,2011 - 2015
northeast africa,1,2.633658151171978e-05,2011 - 2015
tannersville,1,2.633658151171978e-05,2011 - 2015
the united states long ago,1,2.633658151171978e-05,2011 - 2015
macky,1,2.633658151171978e-05,2011 - 2015
new york city           ,1,2.633658151171978e-05,2011 - 2015
jordan  gaza,1,2.633658151171978e-05,2011 - 2015
san bernandino,1,2.633658151171978e-05,2011 - 2015
az,1,2.633658151171978e-05,2011 - 2015
myrtle beach,1,2.633658151171978e-05,2011 - 2015
wachovia,1,2.633658151171978e-05,2011 - 2015
syria city,1,2.633658151171978e-05,2011 - 2015
isi,1,2.633658151171978e-05,2011 - 2015
a persian jewish,1,2.633658151171978e-05,2011 - 2015
volusia county,1,2.633658151171978e-05,2011 - 2015
native american,1,2.633658151171978e-05,2011 - 2015
binghampton,1,2.633658151171978e-05,2011 - 2015
centennial park,1,2.633658151171978e-05,2011 - 2015
elia gourgouris,1,2.633658151171978e-05,2011 - 2015
smyrna,1,2.633658151171978e-05,2011 - 2015
jona,1,2.633658151171978e-05,2011 - 2015
trida,1,2.633658151171978e-05,2011 - 2015
ancona,1,2.633658151171978e-05,2011 - 2015
liston,1,2.633658151171978e-05,2011 - 2015
xxii,1,2.633658151171978e-05,2011 - 2015
neapolitan,1,2.633658151171978e-05,2011 - 2015
wichai,1,2.633658151171978e-05,2011 - 2015
tbilisi,1,2.633658151171978e-05,2011 - 2015
the soviet union  ,1,2.633658151171978e-05,2011 - 2015
ukraine  ebola,1,2.633658151171978e-05,2011 - 2015
singh sodhi,1,2.633658151171978e-05,2011 - 2015
west valley city,1,2.633658151171978e-05,2011 - 2015
ramsey county district,1,2.633658151171978e-05,2011 - 2015
orchard beach,1,2.633658151171978e-05,2011 - 2015
pyatigorsk,1,2.633658151171978e-05,2011 - 2015
kinninmont,1,2.633658151171978e-05,2011 - 2015
marib,1,2.633658151171978e-05,2011 - 2015
shiite arabs,1,2.633658151171978e-05,2011 - 2015
tunisia  ,1,2.633658151171978e-05,2011 - 2015
agco,1,2.633658151171978e-05,2011 - 2015
zeitung,1,2.633658151171978e-05,2011 - 2015
kinsman,1,2.633658151171978e-05,2011 - 2015
grundy county,1,2.633658151171978e-05,2011 - 2015
irvine,1,2.633658151171978e-05,2011 - 2015
tirah,1,2.633658151171978e-05,2011 - 2015
baluchistan,1,2.633658151171978e-05,2011 - 2015
new delhi   ,1,2.633658151171978e-05,2011 - 2015
mona,1,2.633658151171978e-05,2011 - 2015
the united arab emirates   ,1,2.633658151171978e-05,2011 - 2015
aurora west high school,1,2.633658151171978e-05,2011 - 2015
saigon,1,2.633658151171978e-05,2011 - 2015
non european,1,2.633658151171978e-05,2011 - 2015
mandan,1,2.633658151171978e-05,2011 - 2015
floridian,1,2.633658151171978e-05,2011 - 2015
db,1,2.633658151171978e-05,2011 - 2015
payne county,1,2.633658151171978e-05,2011 - 2015
jarvisburg,1,2.633658151171978e-05,2011 - 2015
avenue,1,2.633658151171978e-05,2011 - 2015
deauville,1,2.633658151171978e-05,2011 - 2015
abidjan  ,1,2.633658151171978e-05,2011 - 2015
shlougian,1,2.633658151171978e-05,2011 - 2015
littleton,1,2.633658151171978e-05,2011 - 2015
kanuri,1,2.633658151171978e-05,2011 - 2015
usmani,1,2.633658151171978e-05,2011 - 2015
yael,1,2.633658151171978e-05,2011 - 2015
new hampshire  south carolina,1,2.633658151171978e-05,2011 - 2015
the african americans,1,2.633658151171978e-05,2011 - 2015
kandahar city,1,2.633658151171978e-05,2011 - 2015
parwan province,1,2.633658151171978e-05,2011 - 2015
the russian republic,1,2.633658151171978e-05,2011 - 2015
neville chamberlain,1,2.633658151171978e-05,2011 - 2015
multan,1,2.633658151171978e-05,2011 - 2015
la mesa  ,1,2.633658151171978e-05,2011 - 2015
rowlett,1,2.633658151171978e-05,2011 - 2015
caldwell county s,1,2.633658151171978e-05,2011 - 2015
kafr el zayat   ,1,2.633658151171978e-05,2011 - 2015
tec,1,2.633658151171978e-05,2011 - 2015
california city,1,2.633658151171978e-05,2011 - 2015
ballwin,1,2.633658151171978e-05,2011 - 2015
brien,1,2.633658151171978e-05,2011 - 2015
